movie_id,movie_title,movie_rank,movie_year,movie_runtime,movie_rating,movie_votes,movie_genres
tt7286456,Joker,1.,2019,122 min,8.4,"1,271,230","Crime, Drama, Thriller           "
tt4154796,Avengers: Endgame,2.,2019,181 min,8.4,"1,121,495","Action, Adventure, Drama           "
tt4154756,Avengers: Infinity War,3.,2018,149 min,8.4,"1,073,351","Action, Adventure, Sci-Fi           "
tt6751668,Parasite,4.,2019,132 min,8.5,"794,446","Drama, Thriller           "
tt1825683,Black Panther,5.,2018,134 min,7.3,"767,161","Action, Adventure, Sci-Fi           "
tt7131622,Once Upon a Time in Hollywood,6.,2019,161 min,7.6,"731,869","Comedy, Drama           "
tt8946378,Knives Out,7.,2019,130 min,7.9,"625,608","Comedy, Crime, Drama           "
tt8579674,1917,8.,2019,119 min,8.2,"585,354","Action, Drama, War           "
tt5463162,Deadpool 2,9.,2018,119 min,7.7,"581,123","Action, Adventure, Comedy           "
tt4154664,Captain Marvel,10.,2019,123 min,6.8,"559,318","Action, Adventure, Sci-Fi           "
tt1727824,Bohemian Rhapsody,11.,2018,134 min,7.9,"537,891","Biography, Drama, Music           "
tt6644200,A Quiet Place,12.,2018,90 min,7.5,"528,093","Drama, Horror, Sci-Fi           "
tt4633694,Spider-Man: Into the Spider-Verse,13.,2018,117 min,8.4,"525,006","Animation, Action, Adventure           "
tt6723592,Tenet,14.,2020,150 min,7.3,"501,156","Action, Sci-Fi, Thriller           "
tt6320628,Spider-Man: Far from Home,15.,2019,129 min,7.4,"490,812","Action, Adventure, Sci-Fi           "
tt6966692,Green Book,16.,2018,130 min,8.2,"489,323","Biography, Comedy, Drama           "
tt1270797,Venom,17.,2018,112 min,6.6,"484,813","Action, Adventure, Sci-Fi           "
tt1477834,Aquaman,18.,2018,143 min,6.8,"474,113","Action, Adventure, Fantasy           "
tt2527338,Star Wars: The Rise Of Skywalker,19.,2019,141 min,6.5,"450,338","Action, Adventure, Fantasy           "
tt1677720,Ready Player One,20.,2018,140 min,7.4,"436,291","Action, Adventure, Sci-Fi           "
tt5095030,Ant-Man and the Wasp,21.,2018,118 min,7.0,"401,942","Action, Adventure, Comedy           "
tt1950186,Ford v Ferrari,22.,2019,152 min,8.1,"392,074","Action, Biography, Drama           "
tt2584384,Jojo Rabbit,23.,2019,108 min,7.9,"388,272","Comedy, Drama, War           "
tt1302006,The Irishman,24.,2019,209 min,7.8,"387,457","Biography, Crime, Drama           "
tt1517451,A Star Is Born,25.,2018,136 min,7.6,"384,175","Drama, Music, Romance           "
tt3778644,Solo: A Star Wars Story,26.,2018,135 min,6.9,"347,388","Action, Adventure, Sci-Fi           "
tt6146586,John Wick: Chapter 3 - Parabellum,27.,2019,130 min,7.4,"343,735","Action, Crime, Thriller           "
tt2737304,Bird Box,28.,2018,124 min,6.6,"342,284","Horror, Mystery, Sci-Fi           "
tt8367814,The Gentlemen,29.,2019,113 min,7.8,"338,325","Action, Comedy, Crime           "
tt0448115,Shazam!,30.,2019,132 min,7.0,"338,082","Action, Adventure, Comedy           "
tt4912910,Mission: Impossible - Fallout,31.,2018,147 min,7.7,"333,158","Action, Adventure, Thriller           "
tt2948372,Soul,32.,2020,100 min,8.0,"328,571","Animation, Adventure, Comedy           "
tt2798920,Annihilation,33.,2018,115 min,6.8,"327,219","Adventure, Drama, Horror           "
tt8772262,Midsommar,34.,2019,148 min,7.1,"321,734","Drama, Horror, Mystery           "
tt4881806,Jurassic World: Fallen Kingdom,35.,2018,128 min,6.1,"317,226","Action, Adventure, Sci-Fi           "
tt7784604,Hereditary,36.,2018,127 min,7.3,"316,216","Drama, Horror, Mystery           "
tt7653254,Marriage Story,37.,2019,137 min,7.9,"309,096","Drama, Romance           "
tt6857112,Us,38.,2019,116 min,6.8,"299,466","Horror, Mystery, Thriller           "
tt3606756,Incredibles 2,39.,2018,118 min,7.6,"297,468","Animation, Action, Adventure           "
tt4123430,Fantastic Beasts: The Crimes of Grindelwald,40.,2018,134 min,6.5,"283,600","Adventure, Family, Fantasy           "
tt5727208,Uncut Gems,41.,2019,135 min,7.4,"282,060","Crime, Drama, Thriller           "
tt0437086,Alita: Battle Angel,42.,2019,122 min,7.3,"268,531","Action, Adventure, Sci-Fi           "
tt7126948,Wonder Woman 1984,43.,2020,151 min,5.4,"267,276","Action, Adventure, Fantasy           "
tt7349950,It Chapter Two,44.,2019,169 min,6.5,"266,335","Drama, Fantasy, Horror           "
tt6139732,Aladdin,45.,2019,128 min,6.9,"266,242","Adventure, Comedy, Family           "
tt7349662,BlacKkKlansman,46.,2018,135 min,7.5,"264,607","Biography, Comedy, Crime           "
tt1979376,Toy Story 4,47.,2019,100 min,7.7,"250,953","Animation, Adventure, Comedy           "
tt7975244,Jumanji: The Next Level,48.,2019,123 min,6.7,"250,943","Action, Adventure, Comedy           "
tt9243946,El Camino: A Breaking Bad Movie,49.,2019,122 min,7.3,"250,294","Action, Crime, Drama           "
tt6105098,The Lion King,50.,2019,118 min,6.8,"245,592","Animation, Adventure, Drama           "
tt6823368,Glass,51.,2019,129 min,6.6,"244,292","Drama, Horror, Sci-Fi           "
tt7713068,Birds of Prey,52.,2020,109 min,6.0,"239,394","Action, Adventure, Comedy           "
tt2935510,Ad Astra,53.,2019,123 min,6.5,"236,219","Adventure, Drama, Mystery           "
tt2704998,Game Night,54.,2018,100 min,6.9,"235,918","Action, Adventure, Comedy           "
tt1051906,The Invisible Man,55.,2020,124 min,7.1,"228,909","Drama, Horror, Mystery           "
tt8332922,A Quiet Place Part II,56.,2020,97 min,7.2,"227,472","Drama, Horror, Sci-Fi           "
tt8228288,The Platform,57.,2019,94 min,7.0,"225,460","Horror, Sci-Fi, Thriller           "
tt5164214,Ocean's Eight,58.,2018,110 min,6.3,"220,335","Action, Comedy, Crime           "
tt7984734,The Lighthouse,59.,2019,109 min,7.4,"217,508","Drama, Fantasy, Horror           "
tt1365519,Tomb Raider,60.,2018,119 min,6.3,"215,369","Action, Adventure, Fantasy           "
tt6806448,Fast & Furious Presents: Hobbs & Shaw,61.,2019,137 min,6.5,"213,457","Action, Adventure, Thriller           "
tt3281548,Little Women,62.,2019,135 min,7.8,"205,003","Drama, Romance           "
tt8936646,Extraction,63.,2020,116 min,6.7,"203,606","Action, Thriller           "
tt5083738,The Favourite,64.,2018,119 min,7.5,"201,243","Biography, Comedy, Drama           "
tt5606664,Doctor Sleep,65.,2019,152 min,7.3,"194,055","Drama, Fantasy, Horror           "
tt7846844,Enola Holmes,66.,2020,123 min,6.6,"189,213","Action, Adventure, Crime           "
tt1213641,First Man,67.,2018,141 min,7.3,"189,095","Biography, Drama, History           "
tt6565702,X-Men: Dark Phoenix,68.,2019,113 min,5.7,"188,182","Action, Adventure, Sci-Fi           "
tt2873282,Red Sparrow,69.,2018,140 min,6.6,"187,343","Action, Drama, Thriller           "
tt6499752,Upgrade,70.,2018,100 min,7.5,"186,793","Action, Sci-Fi, Thriller           "
tt3741700,Godzilla: King of the Monsters,71.,2019,132 min,6.0,"183,713","Action, Adventure, Fantasy           "
tt1560220,Zombieland: Double Tap,72.,2019,99 min,6.7,"180,856","Action, Comedy, Horror           "
tt6450804,Terminator: Dark Fate,73.,2019,128 min,6.2,"178,590","Action, Adventure, Sci-Fi           "
tt1070874,The Trial of the Chicago 7,74.,2020,129 min,7.7,"177,726","Drama, History, Thriller           "
tt8106534,6 Underground,75.,2019,128 min,6.1,"177,611","Action, Thriller           "
tt2066051,Rocketman,76.,2019,121 min,7.3,"175,931","Biography, Drama, Musical           "
tt3104988,Crazy Rich Asians,77.,2018,120 min,6.9,"173,424","Comedy, Drama, Romance           "
tt9620292,Promising Young Woman,78.,2020,113 min,7.5,"173,233","Crime, Drama, Mystery           "
tt4520988,Frozen II,79.,2019,103 min,6.8,"173,064","Animation, Adventure, Comedy           "
tt4779682,The Meg,80.,2018,113 min,5.6,"172,478","Action, Horror, Sci-Fi           "
tt5104604,Isle of Dogs,81.,2018,101 min,7.8,"169,744","Animation, Adventure, Comedy           "
tt2231461,Rampage,82.,2018,107 min,6.1,"169,352","Action, Adventure, Sci-Fi           "
tt4701182,Bumblebee,83.,2018,114 min,6.7,"166,277","Action, Adventure, Sci-Fi           "
tt7556122,The Old Guard,84.,2020,125 min,6.6,"165,730","Action, Thriller           "
tt5884052,Pok√©mon Detective Pikachu,85.,2019,104 min,6.5,"164,135","Action, Adventure, Comedy           "
tt7668870,Searching,86.,2018,102 min,7.6,"163,659","Drama, Horror, Mystery           "
tt5848272,Ralph Breaks the Internet,87.,2018,112 min,7.0,"162,121","Animation, Adventure, Comedy           "
tt1502397,Bad Boys for Life,88.,2020,124 min,6.5,"161,393","Action, Comedy, Crime           "
tt9770150,Nomadland,89.,2020,107 min,7.3,"161,209",Drama           
tt3766354,The Equalizer 2,90.,2018,121 min,6.7,"161,077","Action, Crime, Thriller           "
tt9484998,Palm Springs,91.,2020,90 min,7.4,"159,748","Comedy, Fantasy, Mystery           "
tt6155172,Roma,92.,2018,135 min,7.7,"158,978",Drama           
tt10288566,Another Round,93.,2020,117 min,7.7,"157,993","Comedy, Drama           "
tt1502407,Halloween,94.,2018,106 min,6.5,"156,324","Crime, Horror, Thriller           "
tt8079248,Yesterday,95.,2019,116 min,6.8,"153,657","Comedy, Fantasy, Music           "
tt10272386,The Father,96.,2020,97 min,8.2,"152,857","Drama, Mystery           "
tt7798634,Ready or Not,97.,2019,95 min,6.8,"152,406","Action, Comedy, Horror           "
tt6628394,Bad Times at the El Royale,98.,2018,141 min,7.1,"151,354","Crime, Drama, Mystery           "
tt7040874,A Simple Favor,99.,2018,117 min,6.8,"150,434","Comedy, Crime, Mystery           "
tt4729430,Klaus,100.,2019,96 min,8.1,"150,032","Animation, Adventure, Comedy           "
tt7146812,Onward,101.,2020,102 min,7.4,"149,886","Animation, Adventure, Comedy           "
tt5052474,Sicario: Day of the Soldado,102.,2018,122 min,7.0,"149,095","Action, Crime, Drama           "
tt6412452,The Ballad of Buster Scruggs,103.,2018,133 min,7.3,"148,753","Comedy, Drama, Musical           "
tt4566758,Mulan,104.,2020,115 min,5.7,"148,673","Action, Adventure, Drama           "
tt6266538,Vice,105.,2018,132 min,7.2,"148,546","Biography, Comedy, Drama           "
tt5814060,The Nun,106.,2018,96 min,5.3,"142,268","Horror, Mystery, Thriller           "
tt4500922,Maze Runner: The Death Cure,107.,2018,143 min,6.2,"141,415","Action, Adventure, Sci-Fi           "
tt13143964,Borat Subsequent Moviefilm,108.,2020,95 min,6.6,"141,409",Comedy           
tt3794354,Sonic the Hedgehog,109.,2020,99 min,6.5,"140,185","Action, Adventure, Comedy           "
tt7959026,The Mule,110.,2018,116 min,7.0,"138,365","Crime, Drama, Thriller           "
tt7395114,The Devil All the Time,111.,2020,138 min,7.1,"135,584","Crime, Drama, Thriller           "
tt2283336,Men in Black: International,112.,2019,114 min,5.6,"135,466","Action, Adventure, Comedy           "
tt2854926,Tag,113.,2018,100 min,6.5,"134,921","Action, Comedy           "
tt3829266,The Predator,114.,2018,107 min,5.3,"134,632","Action, Adventure, Sci-Fi           "
tt9893250,I Care a Lot,115.,2020,118 min,6.3,"133,365","Comedy, Crime, Drama           "
tt8110330,Dil Bechara,116.,2020,101 min,8.1,"131,179","Comedy, Drama, Romance           "
tt7984766,The King,117.,2019,140 min,7.3,"130,507","Biography, Drama, History           "
tt2386490,How to Train Your Dragon: The Hidden World,118.,2019,104 min,7.4,"129,952","Animation, Action, Adventure           "
tt1488606,Triple Frontier,119.,2019,125 min,6.4,"129,557","Action, Thriller           "
tt1618434,Murder Mystery,120.,2019,97 min,6.0,"129,228","Action, Comedy, Crime           "
tt5363618,Sound of Metal,121.,2019,120 min,7.7,"128,343","Drama, Music           "
tt2222042,Love and Monsters,122.,2020,109 min,6.9,"128,178","Action, Adventure, Comedy           "
tt1571234,Mortal Engines,123.,2018,128 min,6.1,"127,439","Action, Adventure, Fantasy           "
tt9495224,Black Mirror: Bandersnatch,124.,2018,90 min,7.1,"127,380","Drama, Fantasy, Mystery           "
tt6343314,Creed II,125.,2018,130 min,7.1,"126,613","Drama, Sport           "
tt8404614,The Two Popes,126.,2019,125 min,7.6,"124,361","Biography, Comedy, Drama           "
tt5886046,Escape Room,127.,2019,99 min,6.4,"123,701","Action, Adventure, Horror           "
tt5758778,Skyscraper,128.,2018,102 min,5.8,"123,394","Action, Adventure, Thriller           "
tt8847712,The French Dispatch,129.,2020,107 min,7.1,"121,362","Comedy, Drama, Romance           "
tt1489887,Booksmart,130.,2019,102 min,7.1,"120,058",Comedy           
tt2557478,Pacific Rim: Uprising,131.,2018,111 min,5.6,"118,364","Action, Adventure, Fantasy           "
tt7737786,Greenland,132.,2020,119 min,6.4,"117,788","Action, Thriller           "
tt1590193,The Commuter,133.,2018,104 min,6.3,"116,804","Action, Mystery, Thriller           "
tt10189514,Soorarai Pottru,134.,2020,153 min,8.7,"116,756",Drama           
tt5164432,"Love, Simon",135.,2018,110 min,7.5,"115,883","Comedy, Drama, Romance           "
tt6394270,Bombshell,136.,2019,109 min,6.8,"115,855","Biography, Drama           "
tt8244784,The Hunt,137.,2020,90 min,6.5,"115,339","Action, Horror, Thriller           "
tt1025100,Gemini Man,138.,2019,117 min,5.7,"114,287","Action, Adventure, Sci-Fi           "
tt1259528,Den of Thieves,139.,2018,140 min,7.0,"113,068","Action, Crime, Drama           "
tt2139881,Long Shot,140.,2019,125 min,6.8,"112,168","Comedy, Romance           "
tt3846674,To All the Boys I've Loved Before,141.,2018,99 min,7.0,"108,783","Comedy, Drama, Romance           "
tt7401588,Instant Family,142.,2018,118 min,7.3,"108,014","Comedy, Drama           "
tt2548396,The Cloverfield Paradox,143.,2018,102 min,5.5,"106,130","Action, Horror, Sci-Fi           "
tt4777008,Maleficent: Mistress of Evil,144.,2019,119 min,6.6,"106,129","Adventure, Family, Fantasy           "
tt5503686,Hustlers,145.,2019,110 min,6.3,"100,915","Comedy, Crime, Drama           "
tt4530422,Overlord,146.,2018,110 min,6.6,"100,055","Action, Horror, Sci-Fi           "
tt1206885,Rambo: Last Blood,147.,2019,89 min,6.1,"99,340","Action, Crime, Thriller           "
tt7752126,Brightburn,148.,2019,90 min,6.1,"99,015","Drama, Horror, Mystery           "
tt6189022,Angel Has Fallen,149.,2019,121 min,6.4,"98,623","Action, Thriller           "
tt4218572,Widows,150.,2018,129 min,6.8,"98,428","Crime, Drama, Thriller           "
tt6048922,Greyhound,151.,2020,91 min,7.0,"97,971","Action, Drama, History           "
tt6911608,Mamma Mia! Here We Go Again,152.,2018,114 min,6.6,"96,272","Comedy, Musical, Romance           "
tt7886848,Sadak 2,153.,2020,133 min,1.1,"95,972","Action, Drama           "
tt2481498,"Extremely Wicked, Shockingly Evil and Vile",154.,2019,110 min,6.7,"95,250","Biography, Crime, Drama           "
tt8580274,Eurovision Song Contest: The Story of Fire Saga,155.,2020,123 min,6.5,"94,634","Comedy, Musical           "
tt8503618,Hamilton,156.,2020,160 min,8.4,"94,565","Biography, Drama, History           "
tt8108198,Andhadhun,157.,2018,139 min,8.2,"93,931","Comedy, Crime, Music           "
tt0837563,Pet Sematary,158.,2019,101 min,5.7,"92,969","Horror, Mystery, Thriller           "
tt1860242,The Highwaymen,159.,2019,132 min,6.9,"92,256","Biography, Crime, Drama           "
tt8613070,Portrait of a Lady on Fire,160.,2019,122 min,8.1,"92,097","Drama, Romance           "
tt6292852,I Am Mother,161.,2019,113 min,6.7,"91,857","Drama, Mystery, Sci-Fi           "
tt2274648,Hellboy,162.,2019,120 min,5.2,"91,192","Action, Adventure, Fantasy           "
tt4364194,The Peanut Butter Falcon,163.,2019,97 min,7.6,"90,970","Adventure, Comedy, Drama           "
tt4139588,Polar,164.,2019,118 min,6.3,"90,874","Action, Thriller           "
tt10886166,365 Days,165.,2020,114 min,3.3,"90,342","Drama, Romance           "
tt8267604,Capernaum,166.,2018,126 min,8.4,"89,957",Drama           
tt9071322,Dark Waters,167.,2019,126 min,7.6,"89,376","Biography, Drama, History           "
tt7550000,Project Power,168.,2020,113 min,6.0,"89,279","Action, Crime, Sci-Fi           "
tt8629748,Spenser Confidential,169.,2020,111 min,6.2,"89,116","Action, Comedy, Drama           "
tt5028340,Mary Poppins Returns,170.,2018,130 min,6.7,"88,842","Adventure, Comedy, Family           "
tt3513548,Richard Jewell,171.,2019,131 min,7.5,"88,082","Biography, Crime, Drama           "
tt6878306,News of the World,172.,2020,118 min,6.8,"87,541","Action, Adventure, Drama           "
tt7939766,I'm Thinking of Ending Things,173.,2020,134 min,6.6,"87,266","Drama, Thriller           "
tt7838252,K.G.F: Chapter 1,174.,2018,156 min,8.2,"86,919","Action, Crime, Drama           "
tt6924650,Midway,175.,2019,138 min,6.7,"86,346","Action, Drama, History           "
tt8364368,Crawl,176.,2019,87 min,6.1,"85,343","Action, Adventure, Horror           "
tt3799232,The Kissing Booth,177.,2018,105 min,5.9,"84,978","Comedy, Romance           "
tt10539608,The Midnight Sky,178.,2020,118 min,5.6,"83,775","Adventure, Drama, Sci-Fi           "
tt5774060,Underwater,179.,2020,95 min,5.8,"83,628","Action, Horror, Sci-Fi           "
tt7456310,Anna,180.,2019,118 min,6.6,"82,958","Action, Thriller           "
tt1413492,12 Strong,181.,2018,130 min,6.5,"82,827","Action, Drama, History           "
tt6513120,Fighting with My Family,182.,2019,108 min,7.1,"81,992","Biography, Comedy, Drama           "
tt10633456,Minari,183.,2020,115 min,7.4,"81,803",Drama           
tt10554232,Dara of Jasenovac,184.,2020,130 min,8.2,"81,058","Drama, War           "
tt3224458,A Beautiful Day in the Neighborhood,185.,2019,109 min,7.2,"80,716","Biography, Drama           "
tt4560436,Mile 22,186.,2018,94 min,6.1,"80,550","Action, Thriller           "
tt5688932,Sorry to Bother You,187.,2018,112 min,6.9,"80,419","Comedy, Drama, Fantasy           "
tt4682266,The New Mutants,188.,2020,94 min,5.3,"80,329","Action, Horror, Mystery           "
tt2531344,Blockers,189.,2018,102 min,6.2,"80,294","Comedy, Drama           "
tt6998518,Mandy,190.,2018,121 min,6.5,"80,268","Action, Fantasy, Horror           "
tt8633478,Run,191.,2020,90 min,6.7,"80,242","Mystery, Thriller           "
tt1034415,Suspiria,192.,2018,152 min,6.7,"79,511","Drama, Fantasy, Horror           "
tt8695030,The Dead Don't Die,193.,2019,104 min,5.4,"79,273","Comedy, Fantasy, Horror           "
tt8623904,Last Christmas,194.,2019,103 min,6.5,"78,727","Comedy, Drama, Fantasy           "
tt4575576,Christopher Robin,195.,2018,104 min,7.2,"78,660","Adventure, Comedy, Drama           "
tt1634106,Bloodshot,196.,2020,109 min,5.7,"78,505","Action, Adventure, Sci-Fi           "
tt1226837,Beautiful Boy,197.,2018,120 min,7.3,"78,374","Biography, Drama           "
tt6663582,The Spy Who Dumped Me,198.,2018,117 min,6.0,"78,369","Action, Adventure, Comedy           "
tt3387520,Scary Stories to Tell in the Dark,199.,2019,108 min,6.2,"77,759","Adventure, Horror, Mystery           "
tt4003440,The House That Jack Built,200.,2018,152 min,6.8,"77,746","Crime, Drama, Horror           "
tt8075192,Shoplifters,201.,2018,121 min,7.9,"77,223","Crime, Drama, Thriller           "
tt8350360,Annabelle Comes Home,202.,2019,106 min,5.9,"76,682","Horror, Mystery, Thriller           "
tt3861390,Dumbo,203.,2019,112 min,6.3,"76,635","Adventure, Family, Fantasy           "
tt7014006,Eighth Grade,204.,2018,93 min,7.4,"76,456","Comedy, Drama           "
tt4332232,Fractured,205.,2019,99 min,6.4,"76,349",Thriller           
tt10618286,Mank,206.,2020,131 min,6.8,"75,797","Biography, Comedy, Drama           "
tt8155288,Happy Death Day 2U,207.,2019,100 min,6.2,"75,538","Comedy, Horror, Mystery           "
tt5220122,Hotel Transylvania 3: Summer Vacation,208.,2018,97 min,6.3,"75,164","Animation, Adventure, Comedy           "
tt6921996,Johnny English Strikes Again,209.,2018,89 min,6.2,"75,120","Action, Adventure, Comedy           "
tt6977338,Good Boys,210.,2019,90 min,6.7,"74,924","Adventure, Comedy           "
tt4532826,Robin Hood,211.,2018,116 min,5.3,"74,569","Action, Adventure, Drama           "
tt5033998,Charlie's Angels,212.,2019,118 min,4.9,"74,248","Action, Adventure, Comedy           "
tt10280276,Coolie No. 1,213.,2020,134 min,4.2,"73,650","Action, Comedy, Romance           "
tt2990140,The Christmas Chronicles,214.,2018,104 min,7.0,"73,330","Adventure, Comedy, Family           "
tt6679794,Outlaw King,215.,2018,121 min,6.9,"73,020","Action, Biography, Drama           "
tt1137450,Death Wish,216.,2018,107 min,6.3,"72,794","Action, Crime, Drama           "
tt2709692,The Grinch,217.,2018,85 min,6.3,"71,464","Animation, Comedy, Family           "
tt2452244,Isn't It Romantic,218.,2019,89 min,5.9,"70,532","Comedy, Fantasy, Musical           "
tt5719748,Cold Pursuit,219.,2019,119 min,6.2,"69,962","Action, Comedy, Crime           "
tt8359848,Climax,220.,2018,97 min,6.9,"69,471","Drama, Horror, Music           "
tt10059518,Unhinged,221.,2020,90 min,6.0,"69,307","Action, Thriller           "
tt9686708,The King of Staten Island,222.,2020,136 min,7.1,"68,698","Comedy, Drama           "
tt4916630,Just Mercy,223.,2019,137 min,7.6,"68,289","Biography, Crime, Drama           "
tt7638348,Boss Level,224.,2020,100 min,6.8,"68,285","Action, Adventure, Comedy           "
tt8688634,21 Bridges,225.,2019,99 min,6.6,"68,062","Action, Crime, Drama           "
tt6472976,Five Feet Apart,226.,2019,116 min,7.2,"67,920","Drama, Romance           "
tt3513498,The Lego Movie 2: The Second Part,227.,2019,107 min,6.6,"67,525","Animation, Action, Adventure           "
tt4477536,Fifty Shades Freed,228.,2018,105 min,4.5,"66,785","Drama, Romance, Thriller           "
tt9866072,Holidate,229.,2020,104 min,6.1,"66,704","Comedy, Romance           "
tt5613484,Mid90s,230.,2018,85 min,7.3,"66,375","Comedy, Drama           "
tt7282468,Burning,231.,2018,148 min,7.5,"65,683","Drama, Mystery, Thriller           "
tt6850820,Peppermint,232.,2018,101 min,6.5,"65,630","Action, Thriller           "
tt4971344,The Sisters Brothers,233.,2018,122 min,6.9,"65,473","Drama, Western           "
tt6673612,Dolittle,234.,2020,101 min,5.6,"65,173","Adventure, Comedy, Family           "
tt8637428,The Farewell,235.,2019,100 min,7.5,"64,931","Comedy, Drama           "
tt5461944,Hotel Mumbai,236.,2018,123 min,7.6,"64,814","Action, Drama, History           "
tt6133466,The First Purge,237.,2018,97 min,5.2,"64,780","Action, Horror, Sci-Fi           "
tt8291224,Uri: The Surgical Strike,238.,2019,138 min,8.2,"64,483","Action, Drama, History           "
tt1846589,Hunter Killer,239.,2018,121 min,6.6,"64,209","Action, Thriller           "
tt4244998,Alpha,240.,2018,96 min,6.6,"63,094","Action, Adventure, Drama           "
tt5113040,The Secret Life of Pets 2,241.,2019,86 min,6.4,"62,877","Animation, Adventure, Comedy           "
tt2388771,Mowgli: Legend of the Jungle,242.,2018,104 min,6.5,"62,531","Adventure, Drama, Fantasy           "
tt6902676,Guns Akimbo,243.,2019,98 min,6.3,"62,429","Action, Comedy, Crime           "
tt7043012,Velvet Buzzsaw,244.,2019,113 min,5.7,"61,942","Horror, Mystery, Thriller           "
tt8368512,The Courier,245.,2020,112 min,7.2,"61,846","Drama, History, Thriller           "
tt5726086,Insidious: The Last Key,246.,2018,103 min,5.7,"61,506","Horror, Mystery, Thriller           "
tt8526872,Dolemite Is My Name,247.,2019,118 min,7.2,"61,326","Biography, Comedy, Drama           "
tt1298644,The Hustle,248.,2019,93 min,5.4,"60,426","Comedy, Crime           "
tt3892172,Leave No Trace,249.,2018,109 min,7.1,"60,368","Adventure, Drama           "
tt8368406,Vivarium,250.,2019,97 min,5.8,"60,197","Horror, Mystery, Sci-Fi           "
tt5610554,Tully,251.,2018,95 min,6.9,"59,824","Comedy, Drama, Mystery           "
tt6475714,Monster Hunter,252.,2020,103 min,5.2,"59,655","Action, Adventure, Fantasy           "
tt6742252,The Guilty,253.,2018,85 min,7.5,"59,537","Crime, Drama, Thriller           "
tt10919380,Freaky,254.,2020,102 min,6.3,"59,015","Comedy, Horror, Thriller           "
tt8291806,Pain and Glory,255.,2019,113 min,7.5,"58,734",Drama           
tt11032374,Demon Slayer the Movie: Mugen Train,256.,2020,117 min,8.2,"58,157","Animation, Action, Adventure           "
tt0385887,Motherless Brooklyn,257.,2019,144 min,6.8,"58,025","Crime, Drama, Mystery           "
tt6543652,Cold War,258.,2018,89 min,7.5,"57,615","Drama, Music, Romance           "
tt10350922,Laxmii,259.,2020,141 min,2.6,"57,508","Action, Comedy, Horror           "
tt6306064,Adrift,260.,2018,96 min,6.6,"57,449","Action, Adventure, Biography           "
tt4687108,In the Tall Grass,261.,2019,101 min,5.4,"57,271","Horror, Mystery, Sci-Fi           "
tt6772950,Truth or Dare,262.,2018,100 min,5.2,"57,123","Horror, Thriller           "
tt7374948,Always Be My Maybe,263.,2019,101 min,6.8,"57,079","Comedy, Romance           "
tt6398184,Downton Abbey,264.,2019,122 min,7.4,"56,947","Drama, Romance           "
tt6908274,Mirage,265.,2018,128 min,7.4,"56,712","Drama, Fantasy, Mystery           "
tt4126476,After,266.,2019,105 min,5.3,"56,298","Drama, Romance           "
tt8784956,Ava,267.,2020,96 min,5.4,"56,232","Action, Drama, Thriller           "
tt6452574,Sanju,268.,2018,155 min,7.6,"55,344","Biography, Comedy, Drama           "
tt7668842,Enes Batur,269.,2018,110 min,2.0,"55,290",Comedy           
tt7825208,Marighella,270.,2019,155 min,6.6,"55,248","Action, Drama, History           "
tt9052870,Chhichhore,271.,2019,143 min,8.3,"54,937","Comedy, Drama, Romance           "
tt5304992,Set It Up,272.,2018,105 min,6.5,"54,919","Comedy, Romance           "
tt9214832,Emma.,273.,2020,124 min,6.7,"54,896","Comedy, Drama, Romance           "
tt5968394,Captive State,274.,2019,109 min,6.0,"54,834","Action, Horror, Sci-Fi           "
tt6791096,I Feel Pretty,275.,2018,110 min,5.6,"54,419","Comedy, Romance           "
tt5834262,Hotel Artemis,276.,2018,94 min,6.1,"54,229","Action, Crime, Drama           "
tt4463894,Shaft,277.,2019,111 min,6.4,"54,188","Action, Comedy, Crime           "
tt7958736,Ma,278.,2019,99 min,5.6,"54,006","Horror, Mystery, Thriller           "
tt9731534,The Night House,279.,2020,107 min,6.5,"53,968","Horror, Mystery, Thriller           "
tt8110640,In the Shadow of the Moon,280.,2019,115 min,6.2,"53,928","Action, Crime, Mystery           "
tt10514222,Ma Rainey's Black Bottom,281.,2020,94 min,6.9,"53,919","Drama, Music           "
tt5246700,How It Ends,282.,2018,113 min,5.0,"53,822","Action, Drama, Horror           "
tt6217306,Apostle,283.,2018,130 min,6.3,"53,813","Drama, Fantasy, Horror           "
tt3201640,Extinction,284.,2018,95 min,5.8,"53,563","Action, Drama, Sci-Fi           "
tt0983946,Fantasy Island,285.,2020,109 min,4.9,"53,057","Fantasy, Horror, Mystery           "
tt4595882,Can You Ever Forgive Me?,286.,2018,106 min,7.1,"52,830","Biography, Comedy, Crime           "
tt6820256,Arctic,287.,2018,98 min,6.8,"52,824","Adventure, Drama           "
tt8663516,Child's Play,288.,2019,90 min,5.7,"52,654","Drama, Horror, Sci-Fi           "
tt2119543,The House with a Clock in Its Walls,289.,2018,105 min,6.0,"52,332","Comedy, Family, Fantasy           "
tt9777644,Da 5 Bloods,290.,2020,154 min,6.5,"51,906","Adventure, Drama, War           "
tt5697572,Cats,291.,2019,110 min,2.8,"51,739","Comedy, Drama, Family           "
tt10682266,Hubie Halloween,292.,2020,103 min,5.2,"51,649","Comedy, Mystery           "
tt5865326,The Laundromat,293.,2019,96 min,6.3,"51,435","Comedy, Crime, Drama           "
tt2328900,Mary Queen of Scots,294.,2018,124 min,6.3,"51,188","Biography, Drama, History           "
tt11655202,Riders of Justice,295.,2020,116 min,7.5,"51,136","Action, Comedy, Drama           "
tt4913966,The Curse of La Llorona,296.,2019,93 min,5.2,"51,114","Horror, Mystery, Thriller           "
tt7549996,Judy,297.,2019,118 min,6.8,"51,100","Biography, Drama, Romance           "
tt1838556,Honest Thief,298.,2020,99 min,6.0,"50,987","Action, Thriller           "
tt11161474,Pieces of a Woman,299.,2020,126 min,7.0,"50,401",Drama           
tt6079516,I See You,300.,2019,98 min,6.8,"50,333","Crime, Drama, Horror           "
tt0800325,The Dirt,301.,2019,107 min,7.0,"50,318","Biography, Comedy, Drama           "
tt5783956,When We First Met,302.,2018,97 min,6.4,"49,981","Comedy, Fantasy, Romance           "
tt5814534,Spies in Disguise,303.,2019,102 min,6.8,"49,895","Animation, Action, Adventure           "
tt7504726,The Call of the Wild,304.,2020,100 min,6.7,"49,774","Adventure, Drama, Family           "
tt5116302,Togo,305.,2019,113 min,7.9,"49,471","Adventure, Biography, Drama           "
tt8239946,Tumbbad,306.,2018,104 min,8.2,"49,398","Drama, Fantasy, Horror           "
tt7125860,If Beale Street Could Talk,307.,2018,119 min,7.1,"49,341","Drama, Romance           "
tt10431500,Miracle in Cell No. 7,308.,2019,132 min,8.2,"49,301",Drama           
tt5073642,Color Out of Space,309.,2019,111 min,6.2,"48,857","Horror, Mystery, Sci-Fi           "
tt7347846,The Lodge,310.,2019,108 min,6.0,"48,594","Drama, Horror, Mystery           "
tt5431890,Official Secrets,311.,2019,112 min,7.3,"48,428","Biography, Crime, Drama           "
tt5177088,The Girl in the Spider's Web,312.,2018,115 min,6.1,"48,260","Action, Crime, Drama           "
tt1086064,Bill & Ted Face the Music,313.,2020,91 min,5.9,"48,251","Adventure, Comedy, Music           "
tt7734218,Stuber,314.,2019,93 min,6.2,"48,033","Action, Comedy, Crime           "
tt1289403,The Guernsey Literary and Potato Peel Pie Society,315.,2018,124 min,7.3,"47,346","Drama, Romance, War           "
tt6491178,Dragged Across Concrete,316.,2018,159 min,6.9,"47,094","Action, Thriller           "
tt8544498,The Way Back,317.,2020,108 min,6.7,"47,009","Drama, Sport           "
tt7153766,Unsane,318.,2018,98 min,6.4,"46,975","Drama, Horror, Mystery           "
tt7431594,Race 3,319.,2018,160 min,1.9,"46,888","Action, Crime, Thriller           "
tt2837574,The Old Man & the Gun,320.,2018,93 min,6.7,"46,645","Biography, Comedy, Crime           "
tt5932728,The Professor and the Madman,321.,2019,124 min,7.2,"46,566","Biography, Drama, History           "
tt7315484,The Silence,322.,2019,90 min,5.3,"46,000","Drama, Horror, Sci-Fi           "
tt6212478,American Animals,323.,2018,116 min,7.0,"45,508","Biography, Crime, Drama           "
tt1620680,A Wrinkle in Time,324.,2018,109 min,4.2,"45,395","Adventure, Family, Fantasy           "
tt5397194,Anon,325.,2018,100 min,6.1,"45,109","Crime, Mystery, Sci-Fi           "
tt7060344,Raatchasan,326.,2018,170 min,8.3,"44,971","Crime, Drama, Mystery           "
tt7139936,A Rainy Day in New York,327.,2019,92 min,6.5,"44,923","Comedy, Romance           "
tt7772580,The Perfection,328.,2018,90 min,6.2,"44,255","Drama, Horror, Music           "
tt8236336,The Report,329.,2019,119 min,7.2,"44,239","Biography, Crime, Drama           "
tt2850386,The Croods: A New Age,330.,2020,95 min,6.9,"43,892","Animation, Adventure, Comedy           "
tt5691670,Under the Silver Lake,331.,2018,139 min,6.5,"43,572","Crime, Drama, Mystery           "
tt5117670,Peter Rabbit,332.,2018,95 min,6.6,"43,562","Adventure, Comedy, Crime           "
tt5208252,Operation Finale,333.,2018,122 min,6.6,"43,187","Biography, Drama, History           "
tt6772802,Hillbilly Elegy,334.,2020,116 min,6.7,"42,773",Drama           
tt8508734,His House,335.,2020,93 min,6.5,"42,765","Drama, Horror, Thriller           "
tt2235695,Rebecca,336.,2020,123 min,6.0,"42,618","Drama, Mystery, Romance           "
tt5563334,The Good Liar,337.,2019,109 min,6.7,"42,605","Crime, Drama, Mystery           "
tt7985648,The Legend of Tomiris,338.,2019,156 min,6.1,"42,330","Action, Drama, History           "
tt6476140,Serenity,339.,2019,106 min,5.4,"41,867","Drama, Mystery, Thriller           "
tt0805647,The Witches,340.,2020,106 min,5.3,"41,785","Adventure, Comedy, Family           "
tt5774450,Summer of 84,341.,2018,105 min,6.7,"41,758","Drama, Horror, Mystery           "
tt9426210,Weathering with You,342.,2019,112 min,7.5,"41,742","Animation, Drama, Fantasy           "
tt3361792,Tolkien,343.,2019,112 min,6.8,"41,602","Biography, Drama, Romance           "
tt6781982,Night School,344.,2018,111 min,5.6,"41,413",Comedy           
tt5001754,Braven,345.,2018,94 min,5.9,"41,225","Action, Thriller           "
tt11024272,The Babysitter: Killer Queen,346.,2020,101 min,5.8,"41,174","Comedy, Horror           "
tt8206668,Bad Education,347.,2019,108 min,7.1,"40,670","Biography, Comedy, Crime           "
tt6259380,Code 8,348.,2019,98 min,6.1,"40,518","Action, Crime, Drama           "
tt9619798,The Wrong Missy,349.,2020,90 min,5.7,"40,329","Comedy, Romance           "
tt10620868,#Alive,350.,2020,98 min,6.3,"40,291","Action, Drama, Horror           "
tt1620981,The Addams Family,351.,2019,86 min,5.8,"40,286","Animation, Comedy, Family           "
tt8522006,Happiest Season,352.,2020,102 min,6.6,"40,164","Comedy, Drama, Romance           "
tt2395469,Gully Boy,353.,2019,154 min,7.9,"40,124","Drama, Music, Romance           "
tt6182908,Smallfoot,354.,2018,96 min,6.6,"40,021","Animation, Adventure, Comedy           "
tt6803046,The Vast of Night,355.,2019,91 min,6.7,"40,014","Drama, Mystery, Sci-Fi           "
tt7212754,Ludo,356.,2020,150 min,7.6,"39,912","Action, Comedy, Crime           "
tt9354842,To All the Boys: P.S. I Still Love You,357.,2020,101 min,6.0,"39,755","Comedy, Drama, Romance           "
tt8201170,The Perfect Date,358.,2019,89 min,5.8,"39,731","Comedy, Romance           "
tt3120280,Sierra Burgess Is a Loser,359.,2018,105 min,5.8,"39,404","Comedy, Drama, Romance           "
tt7008872,Boy Erased,360.,2018,115 min,6.9,"39,231","Biography, Drama           "
tt10039344,Countdown,361.,2019,90 min,5.4,"39,221","Horror, Thriller           "
tt4154916,Replicas,362.,2018,107 min,5.4,"39,023","Drama, Sci-Fi, Thriller           "
tt1563742,Overboard,363.,2018,112 min,6.0,"38,978","Comedy, Romance           "
tt6324278,Abominable,364.,2019,97 min,7.0,"38,928","Animation, Adventure, Comedy           "
tt7533152,The Boy Who Harnessed the Wind,365.,2019,113 min,7.6,"38,890","Biography, Drama, History           "
tt7557108,Saint Maud,366.,2019,84 min,6.7,"38,313","Drama, Horror, Mystery           "
tt4537896,White Boy Rick,367.,2018,111 min,6.5,"38,306","Crime, Drama           "
tt9683478,The Half of It,368.,2020,104 min,6.9,"38,303","Comedy, Drama, Romance           "
tt6107548,Late Night,369.,2019,102 min,6.5,"38,122","Comedy, Drama           "
tt7339248,The Art of Self-Defense,370.,2019,104 min,6.6,"38,088","Action, Comedy, Crime           "
tt5797184,Escape from Pretoria,371.,2020,106 min,6.8,"37,917","Biography, Crime, Mystery           "
tt8151874,Honey Boy,372.,2019,94 min,7.2,"37,908",Drama           
tt1833116,The Informer,373.,2019,113 min,6.6,"37,856","Action, Crime, Drama           "
tt3385524,Stan & Ollie,374.,2018,98 min,7.2,"37,804","Biography, Comedy, Drama           "
tt5057140,Hold the Dark,375.,2018,125 min,5.6,"37,762","Action, Drama, Thriller           "
tt5619332,Life of the Party,376.,2018,105 min,5.6,"37,575",Comedy           
tt1255919,Holmes & Watson,377.,2018,90 min,3.9,"36,994","Comedy, Crime, Mystery           "
tt5918982,Possessor,378.,2020,103 min,6.5,"36,975","Horror, Mystery, Sci-Fi           "
tt6697582,Arif V 216,379.,2018,125 min,7.0,"36,943","Comedy, Fantasy, Music           "
tt5580266,The Hate U Give,380.,2018,133 min,7.5,"36,835","Crime, Drama           "
tt5294518,Eli,381.,2019,98 min,5.8,"36,714","Drama, Horror, Mystery           "
tt4827558,High Life,382.,2018,113 min,5.8,"36,488","Adventure, Drama, Horror           "
tt8781414,Freaks,383.,2018,105 min,6.7,"36,020","Drama, Mystery, Sci-Fi           "
tt1464763,Mute,384.,2018,126 min,5.4,"35,868","Mystery, Sci-Fi, Thriller           "
tt6938828,At Eternity's Gate,385.,2018,111 min,6.9,"35,693","Biography, Drama, History           "
tt3833480,The Outpost,386.,2019,123 min,6.8,"35,204","Action, Drama, History           "
tt4964788,Everybody Knows,387.,2018,133 min,6.9,"35,186","Crime, Drama, Mystery           "
tt7725596,Badhaai Ho,388.,2018,124 min,7.9,"35,019","Comedy, Drama           "
tt4669788,On the Basis of Sex,389.,2018,120 min,7.1,"34,970","Biography, Drama           "
tt10350626,Gunjan Saxena: The Kargil Girl,390.,2020,112 min,5.6,"34,907","Action, Biography, Drama           "
tt5690360,Slender Man,391.,2018,93 min,3.2,"34,888","Horror, Mystery, Thriller           "
tt7608028,The Open House,392.,2018,94 min,3.3,"34,873","Horror, Thriller           "
tt3256226,IO,393.,2019,96 min,4.7,"34,677","Adventure, Drama, Sci-Fi           "
tt1072748,Winchester,394.,2018,99 min,5.4,"34,670","Drama, Fantasy, Horror           "
tt8108202,Stree,395.,2018,128 min,7.5,"34,534","Comedy, Horror           "
tt4878482,Dumplin',396.,2018,110 min,6.5,"34,483","Comedy, Drama           "
tt7280898,22 July,397.,2018,143 min,6.8,"34,478","Crime, Drama, History           "
tt2639336,Greta,398.,2018,98 min,6.0,"34,430","Drama, Mystery, Thriller           "
tt8108268,The Tashkent Files,399.,2019,134 min,8.1,"34,317","Drama, Mystery, Thriller           "
tt10324144,Article 15,400.,2019,130 min,8.1,"34,052","Crime, Drama, Mystery           "
tt6141246,The Aeronauts,401.,2019,100 min,6.6,"34,029","Action, Adventure, Drama           "
tt6802308,The 15:17 to Paris,402.,2018,94 min,5.3,"34,015","Biography, Drama, Thriller           "
tt8983202,Kabir Singh,403.,2019,173 min,7.0,"33,922","Action, Drama, Romance           "
tt5523010,The Nutcracker and the Four Realms,404.,2018,99 min,5.5,"33,918","Adventure, Family, Fantasy           "
tt4761916,Unfriended: Dark Web,405.,2018,92 min,6.0,"33,839","Horror, Mystery, Thriller           "
tt8633462,"Quo Vadis, Aida?",406.,2020,101 min,8.0,"33,817","Drama, History, War           "
tt10530176,The Call,407.,2020,112 min,7.1,"33,611","Crime, Horror, Mystery           "
tt6195094,Incident in a Ghostland,408.,2018,91 min,6.4,"33,449","Drama, Horror, Mystery           "
tt9806192,I Lost My Body,409.,2019,81 min,7.5,"33,399","Animation, Drama, Fantasy           "
tt8850222,Peninsula,410.,2020,116 min,5.5,"33,347","Action, Horror, Thriller           "
tt5935704,Padmaavat,411.,2018,164 min,7.0,"33,227","Drama, History, Romance           "
tt6865690,The Professor,412.,2018,90 min,6.7,"33,218","Comedy, Drama           "
tt9398640,Between Two Ferns: The Movie,413.,2019,82 min,6.1,"33,205",Comedy           
tt2076298,Ip Man 4: The Finale,414.,2019,107 min,7.0,"32,815","Action, Biography, Drama           "
tt10003008,The Rental,415.,2020,88 min,5.7,"32,793","Drama, Horror, Mystery           "
tt7485048,Super 30,416.,2019,154 min,7.9,"32,771","Biography, Drama           "
tt4073790,The Darkest Minds,417.,2018,104 min,5.7,"32,746","Action, Adventure, Drama           "
tt5198068,Wolfwalkers,418.,2020,103 min,8.0,"32,744","Animation, Adventure, Family           "
tt8108274,Tanhaji: The Unsung Warrior,419.,2020,135 min,7.5,"32,686","Action, Biography, Drama           "
tt9606374,On the Rocks,420.,2020,96 min,6.4,"32,653","Comedy, Drama, Romance           "
tt8361028,Cam,421.,2018,94 min,5.9,"32,624","Drama, Horror, Mystery           "
tt9900782,Kaithi,422.,2019,145 min,8.5,"32,573","Action, Adventure, Crime           "
tt10362466,After We Collided,423.,2020,105 min,5.0,"32,475","Drama, Romance           "
tt9784456,The Kissing Booth 2,424.,2020,134 min,5.7,"32,441","Comedy, Romance           "
tt6513656,Escape Plan 2: Hades,425.,2018,96 min,3.8,"32,411","Action, Crime, Mystery           "
tt3907584,All the Bright Places,426.,2020,107 min,6.5,"32,329","Drama, Romance           "
tt10612922,One Night in Miami...,427.,2020,114 min,7.1,"32,299",Drama           
tt1478839,The Art of Racing in the Rain,428.,2019,109 min,7.5,"32,206","Comedy, Drama, Romance           "
tt8722346,Queen & Slim,429.,2019,132 min,7.1,"32,071","Crime, Drama, Romance           "
tt4799066,Midnight Sun,430.,2018,91 min,6.6,"32,019","Drama, Romance           "
tt4357394,Tau,431.,2018,97 min,5.8,"31,973","Sci-Fi, Thriller           "
tt9016974,Synchronic,432.,2019,102 min,6.2,"31,843","Crime, Drama, Horror           "
tt1285009,The Strangers: Prey at Night,433.,2018,85 min,5.2,"31,778",Horror           
tt4986098,The Titan,434.,2018,97 min,4.8,"31,725","Drama, Mystery, Romance           "
tt7019842,96,435.,2018,158 min,8.5,"31,614","Drama, Romance           "
tt4068576,The Nightingale,436.,2018,136 min,7.3,"31,570","Adventure, Drama, Thriller           "
tt9086228,Gretel & Hansel,437.,2020,87 min,5.5,"31,386","Fantasy, Horror, Mystery           "
tt7547410,Dora and the Lost City of Gold,438.,2019,102 min,6.1,"31,382","Action, Adventure, Comedy           "
tt7098658,Raazi,439.,2018,138 min,7.7,"31,360","Action, Drama, Thriller           "
tt7721800,Bharat,440.,2019,150 min,4.7,"31,275","Action, Comedy, Drama           "
tt7242142,Blindspotting,441.,2018,95 min,7.4,"31,160","Comedy, Crime, Drama           "
tt8242084,My Spy,442.,2020,99 min,6.3,"31,151","Action, Comedy           "
tt12749596,Host,443.,2020,57 min,6.5,"31,074","Horror, Mystery           "
tt9196192,Cuties,444.,2020,96 min,3.5,"30,908",Drama           
tt7605074,The Wandering Earth,445.,2019,125 min,5.9,"30,891","Action, Adventure, Sci-Fi           "
tt3317234,"Game Over, Man!",446.,2018,101 min,5.4,"30,880","Action, Comedy           "
tt5501104,Border,447.,2018,110 min,7.0,"30,649","Crime, Drama, Fantasy           "
tt3721964,Gringo,448.,2018,111 min,6.1,"30,595","Action, Comedy, Crime           "
tt6987770,Destination Wedding,449.,2018,87 min,6.0,"30,524","Comedy, Drama, Romance           "
tt5867314,The Empty Man,450.,2020,137 min,6.2,"30,465","Horror, Mystery, Thriller           "
tt11057644,The Christmas Chronicles: Part Two,451.,2020,112 min,6.0,"30,459","Adventure, Comedy, Family           "
tt10521092,The Forgotten Battle,452.,2020,124 min,7.1,"30,276","Drama, War           "
tt6095472,The Angry Birds Movie 2,453.,2019,97 min,6.4,"30,207","Animation, Action, Adventure           "
tt6535880,Haunt,454.,2019,92 min,6.3,"30,071","Horror, Thriller           "
tt7137380,Destroyer,455.,2018,121 min,6.2,"30,022","Action, Crime, Drama           "
tt6218358,Calibre,456.,2018,101 min,6.8,"29,937","Drama, Thriller           "
tt4995776,The Red Sea Diving Resort,457.,2019,129 min,6.6,"29,841","Drama, History, Thriller           "
tt9477520,Asuran,458.,2019,141 min,8.4,"29,793","Action, Drama           "
tt6436726,7500,459.,2019,93 min,6.3,"29,563","Action, Drama, Thriller           "
tt5929754,Wildlife,460.,2018,105 min,6.8,"29,373",Drama           
tt6285944,The Banker,461.,2020,120 min,7.3,"29,108","Biography, Drama           "
tt10964430,Thappad,462.,2020,142 min,7.0,"28,756",Drama           
tt3089630,Artemis Fowl,463.,2020,95 min,4.2,"28,621","Adventure, Family, Fantasy           "
tt7772582,Never Rarely Sometimes Always,464.,2020,101 min,7.4,"28,608",Drama           
tt6857166,Book Club,465.,2018,104 min,6.1,"28,608","Comedy, Drama, Romance           "
tt8954732,The Princess Switch,466.,2018,101 min,6.0,"28,562","Comedy, Drama, Family           "
tt6269368,The Clovehitch Killer,467.,2018,109 min,6.5,"28,542","Crime, Drama, Mystery           "
tt1308728,The Happytime Murders,468.,2018,91 min,5.4,"28,520","Action, Comedy, Crime           "
tt8130968,Badla,469.,2019,118 min,7.8,"28,499","Crime, Drama, Mystery           "
tt7946422,Prospect,470.,2018,100 min,6.3,"28,387","Adventure, Drama, Sci-Fi           "
tt7634968,What Men Want,471.,2019,117 min,5.3,"28,344","Comedy, Fantasy, Romance           "
tt7961060,Dragon Ball Super: Broly,472.,2018,100 min,7.7,"28,218","Animation, Action, Adventure           "
tt6527426,Zero,473.,2018,164 min,5.2,"28,114","Comedy, Drama, Romance           "
tt2126357,Second Act,474.,2018,103 min,5.8,"28,000","Comedy, Drama, Romance           "
tt9354944,Jexi,475.,2019,84 min,6.0,"27,912","Comedy, Romance, Sci-Fi           "
tt2762506,Bacurau,476.,2019,131 min,7.3,"27,892","Action, Adventure, Horror           "
tt6288124,"Don't Worry, He Won't Get Far on Foot",477.,2018,114 min,6.8,"27,589","Biography, Comedy, Drama           "
tt10161886,The Prom,478.,2020,130 min,5.9,"27,524","Comedy, Drama, Musical           "
tt4648786,Harriet,479.,2019,125 min,6.7,"27,478","Action, Biography, Drama           "
tt10065694,Antebellum,480.,2020,105 min,5.8,"27,430","Drama, Horror, Mystery           "
tt9691136,Shadow in the Cloud,481.,2020,83 min,5.0,"27,364","Action, Horror, War           "
tt6768578,Dogman,482.,2018,103 min,7.2,"27,281","Crime, Drama, Thriller           "
tt9072352,Relic,483.,2020,89 min,6.0,"27,276","Drama, Horror, Mystery           "
tt9252468,Mosul,484.,2019,101 min,7.1,"27,254","Action, Drama, War           "
tt5144174,The Dry,485.,2020,117 min,6.8,"27,209","Crime, Drama, Mystery           "
tt9614460,Chhapaak,486.,2020,120 min,5.3,"27,207","Biography, Drama           "
tt7748244,Mortal World,487.,2018,107 min,7.6,"27,187","Action, Comedy, Crime           "
tt3152592,Scoob!,488.,2020,93 min,5.6,"27,171","Animation, Adventure, Comedy           "
tt9340860,Let Him Go,489.,2020,113 min,6.7,"27,154","Crime, Drama, Thriller           "
tt7329656,47 Meters Down: Uncaged,490.,2019,90 min,5.0,"26,919","Adventure, Drama, Horror           "
tt0859635,Super Troopers 2,491.,2018,99 min,6.0,"26,897","Comedy, Crime, Mystery           "
tt4504044,The Prodigy,492.,2019,92 min,5.9,"26,802","Fantasy, Horror, Mystery           "
tt3612126,The Grudge,493.,2020,94 min,4.4,"26,680","Fantasy, Horror           "
tt7218518,Pad Man,494.,2018,140 min,7.9,"26,569","Biography, Comedy, Drama           "
tt6116856,The Night Comes for Us,495.,2018,121 min,6.9,"26,553","Action, Thriller           "
tt6348138,Missing Link,496.,2019,93 min,6.7,"26,509","Animation, Adventure, Comedy           "
tt2011311,The Outsider,497.,2018,120 min,6.2,"26,458","Action, Crime, Drama           "
tt8851668,The Lovebirds,498.,2020,86 min,6.1,"26,372","Action, Comedy, Crime           "
tt6521876,Jay and Silent Bob Reboot,499.,2019,105 min,5.6,"26,148","Action, Adventure, Comedy           "
tt8652728,Waves,500.,2019,135 min,7.5,"26,129","Drama, Romance, Sport           "
