movie_id,rank,votes,title,originalTitle,year,rating,titleType,isAdult,runtime,genres
tt7286456,1.0,1271230.0,Joker,Joker,2019.0,8.4,movie,0,122.0,"Crime, Drama, Thriller           "
tt4154796,2.0,1121495.0,Avengers: Endgame,Avengers: Endgame,2019.0,8.4,movie,0,181.0,"Action, Adventure, Drama           "
tt4154756,3.0,1073351.0,Avengers: Infinity War,Avengers: Infinity War,2018.0,8.4,movie,0,149.0,"Action, Adventure, Sci-Fi           "
tt6751668,4.0,794446.0,Parasite,Gisaengchung,2019.0,8.5,movie,0,132.0,"Drama, Thriller           "
tt1825683,5.0,767161.0,Black Panther,Black Panther,2018.0,7.3,movie,0,134.0,"Action, Adventure, Sci-Fi           "
tt7131622,6.0,731869.0,Once Upon a Time in Hollywood,Once Upon a Time... in Hollywood,2019.0,7.6,movie,0,161.0,"Comedy, Drama           "
tt8946378,7.0,625608.0,Knives Out,Knives Out,2019.0,7.9,movie,0,130.0,"Comedy, Crime, Drama           "
tt5463162,9.0,581123.0,Deadpool 2,Deadpool 2,2018.0,7.7,movie,0,119.0,"Action, Adventure, Comedy           "
tt8579674,8.0,585354.0,1917,1917,2019.0,8.2,movie,0,119.0,"Action, Drama, War           "
tt4154664,10.0,559318.0,Captain Marvel,Captain Marvel,2019.0,6.8,movie,0,123.0,"Action, Adventure, Sci-Fi           "
tt1727824,11.0,537891.0,Bohemian Rhapsody,Bohemian Rhapsody,2018.0,7.9,movie,0,134.0,"Biography, Drama, Music           "
tt6644200,12.0,528093.0,A Quiet Place,A Quiet Place,2018.0,7.5,movie,0,90.0,"Drama, Horror, Sci-Fi           "
tt4633694,13.0,525006.0,Spider-Man: Into the Spider-Verse,Spider-Man: Into the Spider-Verse,2018.0,8.4,movie,0,117.0,"Animation, Action, Adventure           "
tt6723592,14.0,501156.0,Tenet,Tenet,2020.0,7.3,movie,0,150.0,"Action, Sci-Fi, Thriller           "
tt1270797,17.0,484813.0,Venom,Venom,2018.0,6.6,movie,0,112.0,"Action, Adventure, Sci-Fi           "
tt6966692,16.0,489323.0,Green Book,Green Book,2018.0,8.2,movie,0,130.0,"Biography, Comedy, Drama           "
tt6320628,15.0,490812.0,Spider-Man: Far from Home,Spider-Man: Far from Home,2019.0,7.4,movie,0,129.0,"Action, Adventure, Sci-Fi           "
tt1477834,18.0,474113.0,Aquaman,Aquaman,2018.0,6.8,movie,0,143.0,"Action, Adventure, Fantasy           "
tt2527338,19.0,450338.0,Star Wars: The Rise Of Skywalker,Star Wars: Episode IX - The Rise of Skywalker,2019.0,6.5,movie,0,141.0,"Action, Adventure, Fantasy           "
tt1677720,20.0,436291.0,Ready Player One,Ready Player One,2018.0,7.4,movie,0,140.0,"Action, Adventure, Sci-Fi           "
tt5095030,21.0,401942.0,Ant-Man and the Wasp,Ant-Man and the Wasp,2018.0,7.0,movie,0,118.0,"Action, Adventure, Comedy           "
tt1517451,25.0,384175.0,A Star Is Born,A Star Is Born,2018.0,7.6,movie,0,136.0,"Drama, Music, Romance           "
tt1302006,24.0,387457.0,The Irishman,The Irishman,2019.0,7.8,movie,0,209.0,"Biography, Crime, Drama           "
tt2584384,23.0,388272.0,Jojo Rabbit,Jojo Rabbit,2019.0,7.9,movie,0,108.0,"Comedy, Drama, War           "
tt1950186,22.0,392074.0,Ford v Ferrari,Ford v Ferrari,2019.0,8.1,movie,0,152.0,"Action, Biography, Drama           "
tt3778644,26.0,347388.0,Solo: A Star Wars Story,Solo: A Star Wars Story,2018.0,6.9,movie,0,135.0,"Action, Adventure, Sci-Fi           "
tt6146586,27.0,343735.0,John Wick: Chapter 3 - Parabellum,John Wick: Chapter 3 - Parabellum,2019.0,7.4,movie,0,130.0,"Action, Crime, Thriller           "
tt2737304,28.0,342284.0,Bird Box,Bird Box,2018.0,6.6,movie,0,124.0,"Horror, Mystery, Sci-Fi           "
tt4912910,31.0,333158.0,Mission: Impossible - Fallout,Mission: Impossible - Fallout,2018.0,7.7,movie,0,147.0,"Action, Adventure, Thriller           "
tt0448115,30.0,338082.0,Shazam!,Shazam!,2019.0,7.0,movie,0,132.0,"Action, Adventure, Comedy           "
tt2798920,33.0,327219.0,Annihilation,Annihilation,2018.0,6.8,movie,0,115.0,"Adventure, Drama, Horror           "
tt8367814,29.0,338325.0,The Gentlemen,The Gentlemen,2019.0,7.8,movie,0,113.0,"Action, Comedy, Crime           "
tt2948372,32.0,328571.0,Soul,Soul,2020.0,8.0,movie,0,100.0,"Animation, Adventure, Comedy           "
tt4881806,35.0,317226.0,Jurassic World: Fallen Kingdom,Jurassic World: Fallen Kingdom,2018.0,6.1,movie,0,128.0,"Action, Adventure, Sci-Fi           "
tt7653254,37.0,309096.0,Marriage Story,Marriage Story,2019.0,7.9,movie,0,137.0,"Drama, Romance           "
tt7784604,36.0,316216.0,Hereditary,Hereditary,2018.0,7.3,movie,0,127.0,"Drama, Horror, Mystery           "
tt3606756,39.0,297468.0,Incredibles 2,Incredibles 2,2018.0,7.6,movie,0,118.0,"Animation, Action, Adventure           "
tt8772262,34.0,321734.0,Midsommar,Midsommar,2019.0,7.1,movie,0,148.0,"Drama, Horror, Mystery           "
tt6857112,38.0,299466.0,Us,Us,2019.0,6.8,movie,0,116.0,"Horror, Mystery, Thriller           "
tt5727208,41.0,282060.0,Uncut Gems,Uncut Gems,2019.0,7.4,movie,0,135.0,"Crime, Drama, Thriller           "
tt0437086,42.0,268531.0,Alita: Battle Angel,Alita: Battle Angel,2019.0,7.3,movie,0,122.0,"Action, Adventure, Sci-Fi           "
tt6139732,45.0,266242.0,Aladdin,Aladdin,2019.0,6.9,movie,0,128.0,"Adventure, Comedy, Family           "
tt4123430,40.0,283600.0,Fantastic Beasts: The Crimes of Grindelwald,Fantastic Beasts: The Crimes of Grindelwald,2018.0,6.5,movie,0,134.0,"Adventure, Family, Fantasy           "
tt7349662,46.0,264607.0,BlacKkKlansman,BlacKkKlansman,2018.0,7.5,movie,0,135.0,"Biography, Comedy, Crime           "
tt7126948,43.0,267276.0,Wonder Woman 1984,Wonder Woman 1984,2020.0,5.4,movie,0,151.0,"Action, Adventure, Fantasy           "
tt7349950,44.0,266335.0,It Chapter Two,It Chapter Two,2019.0,6.5,movie,0,169.0,"Drama, Fantasy, Horror           "
tt1979376,47.0,250953.0,Toy Story 4,Toy Story 4,2019.0,7.7,movie,0,100.0,"Animation, Adventure, Comedy           "
tt6105098,50.0,245592.0,The Lion King,The Lion King,2019.0,6.8,movie,0,118.0,"Animation, Adventure, Drama           "
tt7975244,48.0,250943.0,Jumanji: The Next Level,Jumanji: The Next Level,2019.0,6.7,movie,0,123.0,"Action, Adventure, Comedy           "
tt6823368,51.0,244292.0,Glass,Glass,2019.0,6.6,movie,0,129.0,"Drama, Horror, Sci-Fi           "
tt2704998,54.0,235918.0,Game Night,Game Night,2018.0,6.9,movie,0,100.0,"Action, Adventure, Comedy           "
tt7713068,52.0,239394.0,Birds of Prey,Birds of Prey: And the Fantabulous Emancipation of One Harley Quinn,2020.0,6.0,movie,0,109.0,"Action, Adventure, Comedy           "
tt2935510,53.0,236219.0,Ad Astra,Ad Astra,2019.0,6.5,movie,0,123.0,"Adventure, Drama, Mystery           "
tt9243946,49.0,250294.0,El Camino: A Breaking Bad Movie,El Camino: A Breaking Bad Movie,2019.0,7.3,movie,0,122.0,"Action, Crime, Drama           "
tt1051906,55.0,228909.0,The Invisible Man,The Invisible Man,2020.0,7.1,movie,0,124.0,"Drama, Horror, Mystery           "
tt5164214,58.0,220335.0,Ocean's Eight,Ocean's Eight,2018.0,6.3,movie,0,110.0,"Action, Comedy, Crime           "
tt1365519,60.0,215369.0,Tomb Raider,Tomb Raider,2018.0,6.3,movie,0,119.0,"Action, Adventure, Fantasy           "
tt8228288,57.0,225460.0,The Platform,El hoyo,2019.0,7.0,movie,0,94.0,"Horror, Sci-Fi, Thriller           "
tt6806448,61.0,213457.0,Fast & Furious Presents: Hobbs & Shaw,Fast & Furious Presents: Hobbs & Shaw,2019.0,6.5,movie,0,137.0,"Action, Adventure, Thriller           "
tt8332922,56.0,227472.0,A Quiet Place Part II,A Quiet Place Part II,2020.0,7.2,movie,0,97.0,"Drama, Horror, Sci-Fi           "
tt7984734,59.0,217508.0,The Lighthouse,The Lighthouse,2019.0,7.4,movie,0,109.0,"Drama, Fantasy, Horror           "
tt5083738,64.0,201243.0,The Favourite,The Favourite,2018.0,7.5,movie,0,119.0,"Biography, Comedy, Drama           "
tt8936646,63.0,203606.0,Extraction,Extraction,2020.0,6.7,movie,0,116.0,"Action, Thriller           "
tt3281548,62.0,205003.0,Little Women,Little Women,2019.0,7.8,movie,0,135.0,"Drama, Romance           "
tt1213641,67.0,189095.0,First Man,First Man,2018.0,7.3,movie,0,141.0,"Biography, Drama, History           "
tt2873282,69.0,187343.0,Red Sparrow,Red Sparrow,2018.0,6.6,movie,0,140.0,"Action, Drama, Thriller           "
tt5606664,65.0,194055.0,Doctor Sleep,Doctor Sleep,2019.0,7.3,movie,0,152.0,"Drama, Fantasy, Horror           "
tt6499752,70.0,186793.0,Upgrade,Upgrade,2018.0,7.5,movie,0,100.0,"Action, Sci-Fi, Thriller           "
tt6565702,68.0,188182.0,X-Men: Dark Phoenix,Dark Phoenix,2019.0,5.7,movie,0,113.0,"Action, Adventure, Sci-Fi           "
tt3741700,71.0,183713.0,Godzilla: King of the Monsters,Godzilla: King of the Monsters,2019.0,6.0,movie,0,132.0,"Action, Adventure, Fantasy           "
tt6450804,73.0,178590.0,Terminator: Dark Fate,Terminator: Dark Fate,2019.0,6.2,movie,0,128.0,"Action, Adventure, Sci-Fi           "
tt1560220,72.0,180856.0,Zombieland: Double Tap,Zombieland: Double Tap,2019.0,6.7,movie,0,99.0,"Action, Comedy, Horror           "
tt1070874,74.0,177726.0,The Trial of the Chicago 7,The Trial of the Chicago 7,2020.0,7.7,movie,0,129.0,"Drama, History, Thriller           "
tt2066051,76.0,175931.0,Rocketman,Rocketman,2019.0,7.3,movie,0,121.0,"Biography, Drama, Musical           "
tt4779682,80.0,172478.0,The Meg,The Meg,2018.0,5.6,movie,0,113.0,"Action, Horror, Sci-Fi           "
tt8106534,75.0,177611.0,6 Underground,6 Underground,2019.0,6.1,movie,0,128.0,"Action, Thriller           "
tt3104988,77.0,173424.0,Crazy Rich Asians,Crazy Rich Asians,2018.0,6.9,movie,0,120.0,"Comedy, Drama, Romance           "
tt4520988,79.0,173064.0,Frozen II,Frozen II,2019.0,6.8,movie,0,103.0,"Animation, Adventure, Comedy           "
tt5104604,81.0,169744.0,Isle of Dogs,Isle of Dogs,2018.0,7.8,movie,0,101.0,"Animation, Adventure, Comedy           "
tt2231461,82.0,169352.0,Rampage,Rampage,2018.0,6.1,movie,0,107.0,"Action, Adventure, Sci-Fi           "
tt7846844,66.0,189213.0,Enola Holmes,Enola Holmes,2020.0,6.6,movie,0,123.0,"Action, Adventure, Crime           "
tt7668870,86.0,163659.0,Searching,Searching,2018.0,7.6,movie,0,102.0,"Drama, Horror, Mystery           "
tt4701182,83.0,166277.0,Bumblebee,Bumblebee,2018.0,6.7,movie,0,114.0,"Action, Adventure, Sci-Fi           "
tt9620292,78.0,173233.0,Promising Young Woman,Promising Young Woman,2020.0,7.5,movie,0,113.0,"Crime, Drama, Mystery           "
tt5884052,85.0,164135.0,PokÃ©mon Detective Pikachu,Pokémon: Detective Pikachu,2019.0,6.5,movie,0,104.0,"Action, Adventure, Comedy           "
tt7556122,84.0,165730.0,The Old Guard,The Old Guard,2020.0,6.6,movie,0,125.0,"Action, Thriller           "
tt1502397,88.0,161393.0,Bad Boys for Life,Bad Boys for Life,2020.0,6.5,movie,0,124.0,"Action, Comedy, Crime           "
tt6155172,92.0,158978.0,Roma,Roma,2018.0,7.7,movie,0,135.0,Drama           
tt3766354,90.0,161077.0,The Equalizer 2,The Equalizer 2,2018.0,6.7,movie,0,121.0,"Action, Crime, Thriller           "
tt5848272,87.0,162121.0,Ralph Breaks the Internet,Ralph Breaks the Internet,2018.0,7.0,movie,0,112.0,"Animation, Adventure, Comedy           "
tt9770150,89.0,161209.0,Nomadland,Nomadland,2020.0,7.3,movie,0,107.0,Drama           
tt8079248,95.0,153657.0,Yesterday,Yesterday,2019.0,6.8,movie,0,116.0,"Comedy, Fantasy, Music           "
tt9484998,91.0,159748.0,Palm Springs,Palm Springs,2020.0,7.4,movie,0,90.0,"Comedy, Fantasy, Mystery           "
tt1502407,94.0,156324.0,Halloween,Halloween,2018.0,6.5,movie,0,106.0,"Crime, Horror, Thriller           "
tt7040874,99.0,150434.0,A Simple Favor,A Simple Favor,2018.0,6.8,movie,0,117.0,"Comedy, Crime, Mystery           "
tt6628394,98.0,151354.0,Bad Times at the El Royale,Bad Times at the El Royale,2018.0,7.1,movie,0,141.0,"Crime, Drama, Mystery           "
tt4566758,104.0,148673.0,Mulan,Mulan,2020.0,5.7,movie,0,115.0,"Action, Adventure, Drama           "
tt5052474,102.0,149095.0,Sicario: Day of the Soldado,Sicario: Day of the Soldado,2018.0,7.0,movie,0,122.0,"Action, Crime, Drama           "
tt6412452,103.0,148753.0,The Ballad of Buster Scruggs,The Ballad of Buster Scruggs,2018.0,7.3,movie,0,133.0,"Comedy, Drama, Musical           "
tt6266538,105.0,148546.0,Vice,Vice,2018.0,7.2,movie,0,132.0,"Biography, Comedy, Drama           "
tt4729430,100.0,150032.0,Klaus,Klaus,2019.0,8.1,movie,0,96.0,"Animation, Adventure, Comedy           "
tt7146812,101.0,149886.0,Onward,Onward,2020.0,7.4,movie,0,102.0,"Animation, Adventure, Comedy           "
tt10288566,93.0,157993.0,Another Round,Druk,2020.0,7.7,movie,0,117.0,"Comedy, Drama           "
tt7798634,97.0,152406.0,Ready or Not,Ready or Not,2019.0,6.8,movie,0,95.0,"Action, Comedy, Horror           "
tt13143964,108.0,141409.0,Borat Subsequent Moviefilm,Borat Subsequent Moviefilm: Delivery of Prodigious Bribe to American Regime for Make Benefit Once Glorious Nation of Kazakhstan,2020.0,6.6,movie,0,95.0,Comedy           
tt5814060,106.0,142268.0,The Nun,The Nun,2018.0,5.3,movie,0,96.0,"Horror, Mystery, Thriller           "
tt4500922,107.0,141415.0,Maze Runner: The Death Cure,Maze Runner: The Death Cure,2018.0,6.2,movie,0,143.0,"Action, Adventure, Sci-Fi           "
tt7959026,110.0,138365.0,The Mule,The Mule,2018.0,7.0,movie,0,116.0,"Crime, Drama, Thriller           "
tt10272386,96.0,152857.0,The Father,The Father,2020.0,8.2,movie,0,97.0,"Drama, Mystery           "
tt2854926,113.0,134921.0,Tag,Tag,2018.0,6.5,movie,0,100.0,"Action, Comedy           "
tt2283336,112.0,135466.0,Men in Black: International,Men in Black: International,2019.0,5.6,movie,0,114.0,"Action, Adventure, Comedy           "
tt8110330,116.0,131179.0,Dil Bechara,Dil Bechara,2020.0,8.1,movie,0,101.0,"Comedy, Drama, Romance           "
tt9893250,115.0,133365.0,I Care a Lot,I Care a Lot,2020.0,6.3,movie,0,118.0,"Comedy, Crime, Drama           "
tt3829266,114.0,134632.0,The Predator,The Predator,2018.0,5.3,movie,0,107.0,"Action, Adventure, Sci-Fi           "
tt7395114,111.0,135584.0,The Devil All the Time,The Devil All the Time,2020.0,7.1,movie,0,138.0,"Crime, Drama, Thriller           "
tt9495224,124.0,127380.0,Black Mirror: Bandersnatch,Black Mirror: Bandersnatch,2018.0,7.1,movie,0,90.0,"Drama, Fantasy, Mystery           "
tt1488606,119.0,129557.0,Triple Frontier,Triple Frontier,2019.0,6.4,movie,0,125.0,"Action, Thriller           "
tt1571234,123.0,127439.0,Mortal Engines,Mortal Engines,2018.0,6.1,movie,0,128.0,"Action, Adventure, Fantasy           "
tt2386490,118.0,129952.0,How to Train Your Dragon: The Hidden World,How to Train Your Dragon: The Hidden World,2019.0,7.4,movie,0,104.0,"Animation, Action, Adventure           "
tt1618434,120.0,129228.0,Murder Mystery,Murder Mystery,2019.0,6.0,movie,0,97.0,"Action, Comedy, Crime           "
tt8404614,126.0,124361.0,The Two Popes,The Two Popes,2019.0,7.6,movie,0,125.0,"Biography, Comedy, Drama           "
tt6343314,125.0,126613.0,Creed II,Creed II,2018.0,7.1,movie,0,130.0,"Drama, Sport           "
tt7984766,117.0,130507.0,The King,The King,2019.0,7.3,movie,0,140.0,"Biography, Drama, History           "
tt5758778,128.0,123394.0,Skyscraper,Skyscraper,2018.0,5.8,movie,0,102.0,"Action, Adventure, Thriller           "
tt2222042,122.0,128178.0,Love and Monsters,Love and Monsters,2020.0,6.9,movie,0,109.0,"Action, Adventure, Comedy           "
tt5363618,121.0,128343.0,Sound of Metal,Sound of Metal,2019.0,7.7,movie,0,120.0,"Drama, Music           "
tt3794354,109.0,140185.0,Sonic the Hedgehog,Sonic the Hedgehog,2020.0,6.5,movie,0,99.0,"Action, Adventure, Comedy           "
tt5886046,127.0,123701.0,Escape Room,Escape Room,2019.0,6.4,movie,0,99.0,"Action, Adventure, Horror           "
tt2557478,131.0,118364.0,Pacific Rim: Uprising,Pacific Rim: Uprising,2018.0,5.6,movie,0,111.0,"Action, Adventure, Fantasy           "
tt1590193,133.0,116804.0,The Commuter,The Commuter,2018.0,6.3,movie,0,104.0,"Action, Mystery, Thriller           "
tt1489887,130.0,120058.0,Booksmart,Booksmart,2019.0,7.1,movie,0,102.0,Comedy           
tt5164432,135.0,115883.0,"Love, Simon","Love, Simon",2018.0,7.5,movie,0,110.0,"Comedy, Drama, Romance           "
tt6394270,136.0,115855.0,Bombshell,Bombshell,2019.0,6.8,movie,0,109.0,"Biography, Drama           "
tt1025100,138.0,114287.0,Gemini Man,Gemini Man,2019.0,5.7,movie,0,117.0,"Action, Adventure, Sci-Fi           "
tt7737786,132.0,117788.0,Greenland,Greenland,2020.0,6.4,movie,0,119.0,"Action, Thriller           "
tt10189514,134.0,116756.0,Soorarai Pottru,Soorarai Pottru,2020.0,8.7,movie,0,153.0,Drama           
tt2139881,140.0,112168.0,Long Shot,Long Shot,2019.0,6.8,movie,0,125.0,"Comedy, Romance           "
tt1259528,139.0,113068.0,Den of Thieves,Den of Thieves,2018.0,7.0,movie,0,140.0,"Action, Crime, Drama           "
tt7401588,142.0,108014.0,Instant Family,Instant Family,2018.0,7.3,movie,0,118.0,"Comedy, Drama           "
tt2548396,143.0,106130.0,The Cloverfield Paradox,The Cloverfield Paradox,2018.0,5.5,movie,0,102.0,"Action, Horror, Sci-Fi           "
tt3846674,141.0,108783.0,To All the Boys I've Loved Before,To All the Boys I've Loved Before,2018.0,7.0,movie,0,99.0,"Comedy, Drama, Romance           "
tt8244784,137.0,115339.0,The Hunt,The Hunt,2020.0,6.5,movie,0,90.0,"Action, Horror, Thriller           "
tt4777008,144.0,106129.0,Maleficent: Mistress of Evil,Maleficent: Mistress of Evil,2019.0,6.6,movie,0,119.0,"Adventure, Family, Fantasy           "
tt4530422,146.0,100055.0,Overlord,Overlord,2018.0,6.6,movie,0,110.0,"Action, Horror, Sci-Fi           "
tt5503686,145.0,100915.0,Hustlers,Hustlers,2019.0,6.3,movie,0,110.0,"Comedy, Crime, Drama           "
tt4218572,150.0,98428.0,Widows,Widows,2018.0,6.8,movie,0,129.0,"Crime, Drama, Thriller           "
tt7886848,153.0,95972.0,Sadak 2,Sadak 2,2020.0,1.1,movie,0,133.0,"Action, Drama           "
tt1206885,147.0,99340.0,Rambo: Last Blood,Rambo: Last Blood,2019.0,6.1,movie,0,89.0,"Action, Crime, Thriller           "
tt6189022,149.0,98623.0,Angel Has Fallen,Angel Has Fallen,2019.0,6.4,movie,0,121.0,"Action, Thriller           "
tt7752126,148.0,99015.0,Brightburn,Brightburn,2019.0,6.1,movie,0,90.0,"Drama, Horror, Mystery           "
tt6048922,151.0,97971.0,Greyhound,Greyhound,2020.0,7.0,movie,0,91.0,"Action, Drama, History           "
tt6911608,152.0,96272.0,Mamma Mia! Here We Go Again,Mamma Mia! Here We Go Again,2018.0,6.6,movie,0,114.0,"Comedy, Musical, Romance           "
tt0837563,158.0,92969.0,Pet Sematary,Pet Sematary,2019.0,5.7,movie,0,101.0,"Horror, Mystery, Thriller           "
tt8580274,155.0,94634.0,Eurovision Song Contest: The Story of Fire Saga,Eurovision Song Contest: The Story of Fire Saga,2020.0,6.5,movie,0,123.0,"Comedy, Musical           "
tt2481498,154.0,95250.0,"Extremely Wicked, Shockingly Evil and Vile","Extremely Wicked, Shockingly Evil and Vile",2019.0,6.7,movie,0,110.0,"Biography, Crime, Drama           "
tt8108198,157.0,93931.0,Andhadhun,Andhadhun,2018.0,8.2,movie,0,139.0,"Comedy, Crime, Music           "
tt4364194,163.0,90970.0,The Peanut Butter Falcon,The Peanut Butter Falcon,2019.0,7.6,movie,0,97.0,"Adventure, Comedy, Drama           "
tt6292852,161.0,91857.0,I Am Mother,I Am Mother,2019.0,6.7,movie,0,113.0,"Drama, Mystery, Sci-Fi           "
tt1860242,159.0,92256.0,The Highwaymen,The Highwaymen,2019.0,6.9,movie,0,132.0,"Biography, Crime, Drama           "
tt2274648,162.0,91192.0,Hellboy,Hellboy,2019.0,5.2,movie,0,120.0,"Action, Adventure, Fantasy           "
tt4139588,164.0,90874.0,Polar,Polar,2019.0,6.3,movie,0,118.0,"Action, Thriller           "
tt5028340,170.0,88842.0,Mary Poppins Returns,Mary Poppins Returns,2018.0,6.7,movie,0,130.0,"Adventure, Comedy, Family           "
tt8503618,156.0,94565.0,Hamilton,Hamilton,2020.0,8.4,movie,0,160.0,"Biography, Drama, History           "
tt8629748,169.0,89116.0,Spenser Confidential,Spenser Confidential,2020.0,6.2,movie,0,111.0,"Action, Comedy, Drama           "
tt8613070,160.0,92097.0,Portrait of a Lady on Fire,Portrait de la jeune fille en feu,2019.0,8.1,movie,0,122.0,"Drama, Romance           "
tt7550000,168.0,89279.0,Project Power,Project Power,2020.0,6.0,movie,0,113.0,"Action, Crime, Sci-Fi           "
tt8267604,166.0,89957.0,Capernaum,Capharnaüm,2018.0,8.4,movie,0,126.0,Drama           
tt6878306,172.0,87541.0,News of the World,News of the World,2020.0,6.8,movie,0,118.0,"Action, Adventure, Drama           "
tt9071322,167.0,89376.0,Dark Waters,Dark Waters,2019.0,7.6,movie,0,126.0,"Biography, Drama, History           "
tt3513548,171.0,88082.0,Richard Jewell,Richard Jewell,2019.0,7.5,movie,0,131.0,"Biography, Crime, Drama           "
tt8364368,176.0,85343.0,Crawl,Crawl,2019.0,6.1,movie,0,87.0,"Action, Adventure, Horror           "
tt10539608,178.0,83775.0,The Midnight Sky,The Midnight Sky,2020.0,5.6,movie,0,118.0,"Adventure, Drama, Sci-Fi           "
tt6924650,175.0,86346.0,Midway,Midway,2019.0,6.7,movie,0,138.0,"Action, Drama, History           "
tt3799232,177.0,84978.0,The Kissing Booth,The Kissing Booth,2018.0,5.9,movie,0,105.0,"Comedy, Romance           "
tt10554232,184.0,81058.0,Dara of Jasenovac,Dara iz Jasenovca,2020.0,8.2,movie,0,130.0,"Drama, War           "
tt7939766,173.0,87266.0,I'm Thinking of Ending Things,I'm Thinking of Ending Things,2020.0,6.6,movie,0,134.0,"Drama, Thriller           "
tt6513120,182.0,81992.0,Fighting with My Family,Fighting with My Family,2019.0,7.1,movie,0,108.0,"Biography, Comedy, Drama           "
tt2531344,189.0,80294.0,Blockers,Blockers,2018.0,6.2,movie,0,102.0,"Comedy, Drama           "
tt5774060,179.0,83628.0,Underwater,Underwater,2020.0,5.8,movie,0,95.0,"Action, Horror, Sci-Fi           "
tt7456310,180.0,82958.0,Anna,Anna,2019.0,6.6,movie,0,118.0,"Action, Thriller           "
tt1413492,181.0,82827.0,12 Strong,12 Strong,2018.0,6.5,movie,0,130.0,"Action, Drama, History           "
tt4560436,186.0,80550.0,Mile 22,Mile 22,2018.0,6.1,movie,0,94.0,"Action, Thriller           "
tt6663582,198.0,78369.0,The Spy Who Dumped Me,The Spy Who Dumped Me,2018.0,6.0,movie,0,117.0,"Action, Adventure, Comedy           "
tt3224458,185.0,80716.0,A Beautiful Day in the Neighborhood,A Beautiful Day in the Neighborhood,2019.0,7.2,movie,0,109.0,"Biography, Drama           "
tt4575576,195.0,78660.0,Christopher Robin,Christopher Robin,2018.0,7.2,movie,0,104.0,"Adventure, Comedy, Drama           "
tt8623904,194.0,78727.0,Last Christmas,Last Christmas,2019.0,6.5,movie,0,103.0,"Comedy, Drama, Fantasy           "
tt1634106,196.0,78505.0,Bloodshot,Bloodshot,2020.0,5.7,movie,0,109.0,"Action, Adventure, Sci-Fi           "
tt10886166,165.0,90342.0,365 Days,365 dni,2020.0,3.3,movie,0,114.0,"Drama, Romance           "
tt8695030,193.0,79273.0,The Dead Don't Die,The Dead Don't Die,2019.0,5.4,movie,0,104.0,"Comedy, Fantasy, Horror           "
tt5688932,187.0,80419.0,Sorry to Bother You,Sorry to Bother You,2018.0,6.9,movie,0,112.0,"Comedy, Drama, Fantasy           "
tt6998518,190.0,80268.0,Mandy,Mandy,2018.0,6.5,movie,0,121.0,"Action, Fantasy, Horror           "
tt3861390,203.0,76635.0,Dumbo,Dumbo,2019.0,6.3,movie,0,112.0,"Adventure, Family, Fantasy           "
tt4682266,188.0,80329.0,The New Mutants,The New Mutants,2020.0,5.3,movie,0,94.0,"Action, Horror, Mystery           "
tt7014006,204.0,76456.0,Eighth Grade,Eighth Grade,2018.0,7.4,movie,0,93.0,"Comedy, Drama           "
tt3387520,199.0,77759.0,Scary Stories to Tell in the Dark,Scary Stories to Tell in the Dark,2019.0,6.2,movie,0,108.0,"Adventure, Horror, Mystery           "
tt10280276,213.0,73650.0,Coolie No. 1,Coolie No. 1,2020.0,4.2,movie,0,134.0,"Action, Comedy, Romance           "
tt8075192,201.0,77223.0,Shoplifters,Manbiki kazoku,2018.0,7.9,movie,0,121.0,"Crime, Drama, Thriller           "
tt1034415,192.0,79511.0,Suspiria,Suspiria,2018.0,6.7,movie,0,152.0,"Drama, Fantasy, Horror           "
tt10633456,183.0,81803.0,Minari,Minari,2020.0,7.4,movie,0,115.0,Drama           
tt6977338,210.0,74924.0,Good Boys,Good Boys,2019.0,6.7,movie,0,90.0,"Adventure, Comedy           "
tt6921996,209.0,75120.0,Johnny English Strikes Again,Johnny English Strikes Again,2018.0,6.2,movie,0,89.0,"Action, Adventure, Comedy           "
tt4532826,211.0,74569.0,Robin Hood,Robin Hood,2018.0,5.3,movie,0,116.0,"Action, Adventure, Drama           "
tt8350360,202.0,76682.0,Annabelle Comes Home,Annabelle Comes Home,2019.0,5.9,movie,0,106.0,"Horror, Mystery, Thriller           "
tt4003440,200.0,77746.0,The House That Jack Built,The House That Jack Built,2018.0,6.8,movie,0,152.0,"Crime, Drama, Horror           "
tt2990140,214.0,73330.0,The Christmas Chronicles,The Christmas Chronicles,2018.0,7.0,movie,0,104.0,"Adventure, Comedy, Family           "
tt1137450,216.0,72794.0,Death Wish,Death Wish,2018.0,6.3,movie,0,107.0,"Action, Crime, Drama           "
tt10618286,206.0,75797.0,Mank,Mank,2020.0,6.8,movie,0,131.0,"Biography, Comedy, Drama           "
tt8155288,207.0,75538.0,Happy Death Day 2U,Happy Death Day 2U,2019.0,6.2,movie,0,100.0,"Comedy, Horror, Mystery           "
tt5220122,208.0,75164.0,Hotel Transylvania 3: Summer Vacation,Hotel Transylvania 3: Summer Vacation,2018.0,6.3,movie,0,97.0,"Animation, Adventure, Comedy           "
tt1226837,197.0,78374.0,Beautiful Boy,Beautiful Boy,2018.0,7.3,movie,0,120.0,"Biography, Drama           "
tt4332232,205.0,76349.0,Fractured,Fractured,2019.0,6.4,movie,0,99.0,Thriller           
tt5033998,212.0,74248.0,Charlie's Angels,Charlie's Angels,2019.0,4.9,movie,0,118.0,"Action, Adventure, Comedy           "
tt6679794,215.0,73020.0,Outlaw King,Outlaw King,2018.0,6.9,movie,0,121.0,"Action, Biography, Drama           "
tt2452244,218.0,70532.0,Isn't It Romantic,Isn't It Romantic,2019.0,5.9,movie,0,89.0,"Comedy, Fantasy, Musical           "
tt2709692,217.0,71464.0,The Grinch,The Grinch,2018.0,6.3,movie,0,85.0,"Animation, Comedy, Family           "
tt5719748,219.0,69962.0,Cold Pursuit,Cold Pursuit,2019.0,6.2,movie,0,119.0,"Action, Comedy, Crime           "
tt8633478,191.0,80242.0,Run,Run,2020.0,6.7,movie,0,90.0,"Mystery, Thriller           "
tt8359848,220.0,69471.0,Climax,Climax,2018.0,6.9,movie,0,97.0,"Drama, Horror, Music           "
tt6850820,232.0,65630.0,Peppermint,Peppermint,2018.0,6.5,movie,0,101.0,"Action, Thriller           "
tt4916630,223.0,68289.0,Just Mercy,Just Mercy,2019.0,7.6,movie,0,137.0,"Biography, Crime, Drama           "
tt3513498,227.0,67525.0,The Lego Movie 2: The Second Part,The Lego Movie 2: The Second Part,2019.0,6.6,movie,0,107.0,"Animation, Action, Adventure           "
tt4477536,228.0,66785.0,Fifty Shades Freed,Fifty Shades Freed,2018.0,4.5,movie,0,105.0,"Drama, Romance, Thriller           "
tt10059518,221.0,69307.0,Unhinged,Unhinged,2020.0,6.0,movie,0,90.0,"Action, Thriller           "
tt8688634,225.0,68062.0,21 Bridges,21 Bridges,2019.0,6.6,movie,0,99.0,"Action, Crime, Drama           "
tt4971344,233.0,65473.0,The Sisters Brothers,Les frères Sisters,2018.0,6.9,movie,0,122.0,"Drama, Western           "
tt6133466,237.0,64780.0,The First Purge,The First Purge,2018.0,5.2,movie,0,97.0,"Action, Horror, Sci-Fi           "
tt9866072,229.0,66704.0,Holidate,Holidate,2020.0,6.1,movie,0,104.0,"Comedy, Romance           "
tt8637428,235.0,64931.0,The Farewell,The Farewell,2019.0,7.5,movie,0,100.0,"Comedy, Drama           "
tt1846589,239.0,64209.0,Hunter Killer,Hunter Killer,2018.0,6.6,movie,0,121.0,"Action, Thriller           "
tt6673612,234.0,65173.0,Dolittle,Dolittle,2020.0,5.6,movie,0,101.0,"Adventure, Comedy, Family           "
tt4244998,240.0,63094.0,Alpha,Alpha,2018.0,6.6,movie,0,96.0,"Action, Adventure, Drama           "
tt7638348,224.0,68285.0,Boss Level,Boss Level,2020.0,6.8,movie,0,100.0,"Action, Adventure, Comedy           "
tt5461944,236.0,64814.0,Hotel Mumbai,Hotel Mumbai,2018.0,7.6,movie,0,123.0,"Action, Drama, History           "
tt7282468,231.0,65683.0,Burning,Beoning,2018.0,7.5,movie,0,148.0,"Drama, Mystery, Thriller           "
tt2388771,242.0,62531.0,Mowgli: Legend of the Jungle,Mowgli,2018.0,6.5,movie,0,104.0,"Adventure, Drama, Fantasy           "
tt6472976,226.0,67920.0,Five Feet Apart,Five Feet Apart,2019.0,7.2,movie,0,116.0,"Drama, Romance           "
tt5613484,230.0,66375.0,Mid90s,Mid90s,2018.0,7.3,movie,0,85.0,"Comedy, Drama           "
tt9686708,222.0,68698.0,The King of Staten Island,The King of Staten Island,2020.0,7.1,movie,0,136.0,"Comedy, Drama           "
tt5113040,241.0,62877.0,The Secret Life of Pets 2,The Secret Life of Pets 2,2019.0,6.4,movie,0,86.0,"Animation, Adventure, Comedy           "
tt8526872,247.0,61326.0,Dolemite Is My Name,Dolemite Is My Name,2019.0,7.2,movie,0,118.0,"Biography, Comedy, Drama           "
tt7043012,244.0,61942.0,Velvet Buzzsaw,Velvet Buzzsaw,2019.0,5.7,movie,0,113.0,"Horror, Mystery, Thriller           "
tt7838252,174.0,86919.0,K.G.F: Chapter 1,K.G.F: Chapter 1,2018.0,8.2,movie,0,156.0,"Action, Crime, Drama           "
tt5726086,246.0,61506.0,Insidious: The Last Key,Insidious: The Last Key,2018.0,5.7,movie,0,103.0,"Horror, Mystery, Thriller           "
tt5610554,251.0,59824.0,Tully,Tully,2018.0,6.9,movie,0,95.0,"Comedy, Drama, Mystery           "
tt8291224,238.0,64483.0,Uri: The Surgical Strike,Uri: The Surgical Strike,2019.0,8.2,movie,0,138.0,"Action, Drama, History           "
tt3892172,249.0,60368.0,Leave No Trace,Leave No Trace,2018.0,7.1,movie,0,109.0,"Adventure, Drama           "
tt6902676,243.0,62429.0,Guns Akimbo,Guns Akimbo,2019.0,6.3,movie,0,98.0,"Action, Comedy, Crime           "
tt1298644,248.0,60426.0,The Hustle,The Hustle,2019.0,5.4,movie,0,93.0,"Comedy, Crime           "
tt6742252,253.0,59537.0,The Guilty,Den skyldige,2018.0,7.5,movie,0,85.0,"Crime, Drama, Thriller           "
tt10350922,259.0,57508.0,Laxmii,Laxmii,2020.0,2.6,movie,0,141.0,"Action, Comedy, Horror           "
tt8291806,255.0,58734.0,Pain and Glory,Dolor y gloria,2019.0,7.5,movie,0,113.0,Drama           
tt6543652,258.0,57615.0,Cold War,Zimna wojna,2018.0,7.5,movie,0,89.0,"Drama, Music, Romance           "
tt0385887,257.0,58025.0,Motherless Brooklyn,Motherless Brooklyn,2019.0,6.8,movie,0,144.0,"Crime, Drama, Mystery           "
tt7668842,269.0,55290.0,Enes Batur,Enes Batur Hayal mi Gerçek mi?,2018.0,2.0,movie,0,110.0,Comedy           
tt6306064,260.0,57449.0,Adrift,Adrift,2018.0,6.6,movie,0,96.0,"Action, Adventure, Biography           "
tt6475714,252.0,59655.0,Monster Hunter,Monster Hunter,2020.0,5.2,movie,0,103.0,"Action, Adventure, Fantasy           "
tt7825208,270.0,55248.0,Marighella,Marighella,2019.0,6.6,movie,0,155.0,"Action, Drama, History           "
tt7374948,263.0,57079.0,Always Be My Maybe,Always Be My Maybe,2019.0,6.8,movie,0,101.0,"Comedy, Romance           "
tt6772950,262.0,57123.0,Truth or Dare,Truth or Dare,2018.0,5.2,movie,0,100.0,"Horror, Thriller           "
tt4687108,261.0,57271.0,In the Tall Grass,In the Tall Grass,2019.0,5.4,movie,0,101.0,"Horror, Mystery, Sci-Fi           "
tt5968394,274.0,54834.0,Captive State,Captive State,2019.0,6.0,movie,0,109.0,"Action, Horror, Sci-Fi           "
tt8368406,250.0,60197.0,Vivarium,Vivarium,2019.0,5.8,movie,0,97.0,"Horror, Mystery, Sci-Fi           "
tt6791096,275.0,54419.0,I Feel Pretty,I Feel Pretty,2018.0,5.6,movie,0,110.0,"Comedy, Romance           "
tt6908274,265.0,56712.0,Mirage,Durante la tormenta,2018.0,7.4,movie,0,128.0,"Drama, Fantasy, Mystery           "
tt10919380,254.0,59015.0,Freaky,Freaky,2020.0,6.3,movie,0,102.0,"Comedy, Horror, Thriller           "
tt6452574,268.0,55344.0,Sanju,Sanju,2018.0,7.6,movie,0,155.0,"Biography, Comedy, Drama           "
tt8784956,267.0,56232.0,Ava,Ava,2020.0,5.4,movie,0,96.0,"Action, Drama, Thriller           "
tt8368512,245.0,61846.0,The Courier,The Courier,2020.0,7.2,movie,0,112.0,"Drama, History, Thriller           "
tt5834262,276.0,54229.0,Hotel Artemis,Hotel Artemis,2018.0,6.1,movie,0,94.0,"Action, Crime, Drama           "
tt3201640,284.0,53563.0,Extinction,Extinction,2018.0,5.8,movie,0,95.0,"Action, Drama, Sci-Fi           "
tt7958736,278.0,54006.0,Ma,Ma,2019.0,5.6,movie,0,99.0,"Horror, Mystery, Thriller           "
tt4463894,277.0,54188.0,Shaft,Shaft,2019.0,6.4,movie,0,111.0,"Action, Comedy, Crime           "
tt6398184,264.0,56947.0,Downton Abbey,Downton Abbey,2019.0,7.4,movie,0,122.0,"Drama, Romance           "
tt4126476,266.0,56298.0,After,After,2019.0,5.3,movie,0,105.0,"Drama, Romance           "
tt4595882,286.0,52830.0,Can You Ever Forgive Me?,Can You Ever Forgive Me?,2018.0,7.1,movie,0,106.0,"Biography, Comedy, Crime           "
tt6820256,287.0,52824.0,Arctic,Arctic,2018.0,6.8,movie,0,98.0,"Adventure, Drama           "
tt2119543,289.0,52332.0,The House with a Clock in Its Walls,The House with a Clock in Its Walls,2018.0,6.0,movie,0,105.0,"Comedy, Family, Fantasy           "
tt11032374,256.0,58157.0,Demon Slayer the Movie: Mugen Train,Kimetsu no Yaiba: Mugen Ressha-Hen,2020.0,8.2,movie,0,117.0,"Animation, Action, Adventure           "
tt6217306,283.0,53813.0,Apostle,Apostle,2018.0,6.3,movie,0,130.0,"Drama, Fantasy, Horror           "
tt8663516,288.0,52654.0,Child's Play,Child's Play,2019.0,5.7,movie,0,90.0,"Drama, Horror, Sci-Fi           "
tt8110640,280.0,53928.0,In the Shadow of the Moon,In the Shadow of the Moon,2019.0,6.2,movie,0,115.0,"Action, Crime, Mystery           "
tt5304992,272.0,54919.0,Set It Up,Set It Up,2018.0,6.5,movie,0,105.0,"Comedy, Romance           "
tt10514222,281.0,53919.0,Ma Rainey's Black Bottom,Ma Rainey's Black Bottom,2020.0,6.9,movie,0,94.0,"Drama, Music           "
tt9777644,290.0,51906.0,Da 5 Bloods,Da 5 Bloods,2020.0,6.5,movie,0,154.0,"Adventure, Drama, War           "
tt5865326,293.0,51435.0,The Laundromat,The Laundromat,2019.0,6.3,movie,0,96.0,"Comedy, Crime, Drama           "
tt5697572,291.0,51739.0,Cats,Cats,2019.0,2.8,movie,0,110.0,"Comedy, Drama, Family           "
tt5246700,282.0,53822.0,How It Ends,How It Ends,2018.0,5.0,movie,0,113.0,"Action, Drama, Horror           "
tt7549996,297.0,51100.0,Judy,Judy,2019.0,6.8,movie,0,118.0,"Biography, Drama, Romance           "
tt9052870,271.0,54937.0,Chhichhore,Chhichhore,2019.0,8.3,movie,0,143.0,"Comedy, Drama, Romance           "
tt2328900,294.0,51188.0,Mary Queen of Scots,Mary Queen of Scots,2018.0,6.3,movie,0,124.0,"Biography, Drama, History           "
tt0983946,285.0,53057.0,Fantasy Island,Fantasy Island,2020.0,4.9,movie,0,109.0,"Fantasy, Horror, Mystery           "
tt4913966,296.0,51114.0,The Curse of La Llorona,The Curse of La Llorona,2019.0,5.2,movie,0,93.0,"Horror, Mystery, Thriller           "
tt5783956,302.0,49981.0,When We First Met,When We First Met,2018.0,6.4,movie,0,97.0,"Comedy, Fantasy, Romance           "
tt9214832,273.0,54896.0,Emma.,Emma.,2020.0,6.7,movie,0,124.0,"Comedy, Drama, Romance           "
tt7125860,307.0,49341.0,If Beale Street Could Talk,If Beale Street Could Talk,2018.0,7.1,movie,0,119.0,"Drama, Romance           "
tt1838556,298.0,50987.0,Honest Thief,Honest Thief,2020.0,6.0,movie,0,99.0,"Action, Thriller           "
tt11161474,299.0,50401.0,Pieces of a Woman,Pieces of a Woman,2020.0,7.0,movie,0,126.0,Drama           
tt10682266,292.0,51649.0,Hubie Halloween,Hubie Halloween,2020.0,5.2,movie,0,103.0,"Comedy, Mystery           "
tt0800325,301.0,50318.0,The Dirt,The Dirt,2019.0,7.0,movie,0,107.0,"Biography, Comedy, Drama           "
tt7504726,304.0,49774.0,The Call of the Wild,The Call of the Wild,2020.0,6.7,movie,0,100.0,"Adventure, Drama, Family           "
tt5177088,312.0,48260.0,The Girl in the Spider's Web,The Girl in the Spider's Web,2018.0,6.1,movie,0,115.0,"Action, Crime, Drama           "
tt10431500,308.0,49301.0,Miracle in Cell No. 7,Yedinci Kogustaki Mucize,2019.0,8.2,movie,0,132.0,Drama           
tt6079516,300.0,50333.0,I See You,I See You,2019.0,6.8,movie,0,98.0,"Crime, Drama, Horror           "
tt5116302,305.0,49471.0,Togo,Togo,2019.0,7.9,movie,0,113.0,"Adventure, Biography, Drama           "
tt7734218,314.0,48033.0,Stuber,Stuber,2019.0,6.2,movie,0,93.0,"Action, Comedy, Crime           "
tt5814534,303.0,49895.0,Spies in Disguise,Spies in Disguise,2019.0,6.8,movie,0,102.0,"Animation, Action, Adventure           "
tt7431594,319.0,46888.0,Race 3,Race 3,2018.0,1.9,movie,0,160.0,"Action, Crime, Thriller           "
tt7153766,318.0,46975.0,Unsane,Unsane,2018.0,6.4,movie,0,98.0,"Drama, Horror, Mystery           "
tt5431890,311.0,48428.0,Official Secrets,Official Secrets,2019.0,7.3,movie,0,112.0,"Biography, Crime, Drama           "
tt2837574,320.0,46645.0,The Old Man & the Gun,The Old Man & the Gun,2018.0,6.7,movie,0,93.0,"Biography, Comedy, Crime           "
tt5073642,309.0,48857.0,Color Out of Space,Color Out of Space,2019.0,6.2,movie,0,111.0,"Horror, Mystery, Sci-Fi           "
tt6491178,316.0,47094.0,Dragged Across Concrete,Dragged Across Concrete,2018.0,6.9,movie,0,159.0,"Action, Thriller           "
tt1289403,315.0,47346.0,The Guernsey Literary and Potato Peel Pie Society,The Guernsey Literary and Potato Peel Pie Society,2018.0,7.3,movie,0,124.0,"Drama, Romance, War           "
tt1620680,324.0,45395.0,A Wrinkle in Time,A Wrinkle in Time,2018.0,4.2,movie,0,109.0,"Adventure, Family, Fantasy           "
tt5932728,321.0,46566.0,The Professor and the Madman,The Professor and the Madman,2019.0,7.2,movie,0,124.0,"Biography, Drama, History           "
tt1086064,313.0,48251.0,Bill & Ted Face the Music,Bill & Ted Face the Music,2020.0,5.9,movie,0,91.0,"Adventure, Comedy, Music           "
tt7347846,310.0,48594.0,The Lodge,The Lodge,2019.0,6.0,movie,0,108.0,"Drama, Horror, Mystery           "
tt7315484,322.0,46000.0,The Silence,The Silence,2019.0,5.3,movie,0,90.0,"Drama, Horror, Sci-Fi           "
tt8544498,317.0,47009.0,The Way Back,The Way Back,2020.0,6.7,movie,0,108.0,"Drama, Sport           "
tt6212478,323.0,45508.0,American Animals,American Animals,2018.0,7.0,movie,0,116.0,"Biography, Crime, Drama           "
tt5397194,325.0,45109.0,Anon,Anon,2018.0,6.1,movie,0,100.0,"Crime, Mystery, Sci-Fi           "
tt11655202,295.0,51136.0,Riders of Justice,Retfærdighedens ryttere,2020.0,7.5,movie,0,116.0,"Action, Comedy, Drama           "
tt7985648,338.0,42330.0,The Legend of Tomiris,Tomiris,2019.0,6.1,movie,0,156.0,"Action, Drama, History           "
tt7772580,328.0,44255.0,The Perfection,The Perfection,2018.0,6.2,movie,0,90.0,"Drama, Horror, Music           "
tt7139936,327.0,44923.0,A Rainy Day in New York,A Rainy Day in New York,2019.0,6.5,movie,0,92.0,"Comedy, Romance           "
tt5117670,332.0,43562.0,Peter Rabbit,Peter Rabbit,2018.0,6.6,movie,0,95.0,"Adventure, Comedy, Crime           "
tt8236336,329.0,44239.0,The Report,The Report,2019.0,7.2,movie,0,119.0,"Biography, Crime, Drama           "
tt5208252,333.0,43187.0,Operation Finale,Operation Finale,2018.0,6.6,movie,0,122.0,"Biography, Drama, History           "
tt8239946,306.0,49398.0,Tumbbad,Tumbbad,2018.0,8.2,movie,0,104.0,"Drama, Fantasy, Horror           "
tt6772802,334.0,42773.0,Hillbilly Elegy,Hillbilly Elegy,2020.0,6.7,movie,0,116.0,Drama           
tt5691670,331.0,43572.0,Under the Silver Lake,Under the Silver Lake,2018.0,6.5,movie,0,139.0,"Crime, Drama, Mystery           "
tt6476140,339.0,41867.0,Serenity,Serenity,2019.0,5.4,movie,0,106.0,"Drama, Mystery, Thriller           "
tt2235695,336.0,42618.0,Rebecca,Rebecca,2020.0,6.0,movie,0,123.0,"Drama, Mystery, Romance           "
tt6781982,344.0,41413.0,Night School,Night School,2018.0,5.6,movie,0,111.0,Comedy           
tt2850386,330.0,43892.0,The Croods: A New Age,The Croods: A New Age,2020.0,6.9,movie,0,95.0,"Animation, Adventure, Comedy           "
tt5563334,337.0,42605.0,The Good Liar,The Good Liar,2019.0,6.7,movie,0,109.0,"Crime, Drama, Mystery           "
tt8206668,347.0,40670.0,Bad Education,Bad Education,2019.0,7.1,movie,0,108.0,"Biography, Comedy, Crime           "
tt3361792,343.0,41602.0,Tolkien,Tolkien,2019.0,6.8,movie,0,112.0,"Biography, Drama, Romance           "
tt5774450,341.0,41758.0,Summer of 84,Summer of 84,2018.0,6.7,movie,0,105.0,"Drama, Horror, Mystery           "
tt6259380,348.0,40518.0,Code 8,Code 8,2019.0,6.1,movie,0,98.0,"Action, Crime, Drama           "
tt7060344,326.0,44971.0,Raatchasan,Ratsasan,2018.0,8.3,movie,0,170.0,"Crime, Drama, Mystery           "
tt6182908,354.0,40021.0,Smallfoot,Smallfoot,2018.0,6.6,movie,0,96.0,"Animation, Adventure, Comedy           "
tt3120280,359.0,39404.0,Sierra Burgess Is a Loser,Sierra Burgess Is a Loser,2018.0,5.8,movie,0,105.0,"Comedy, Drama, Romance           "
tt8508734,335.0,42765.0,His House,His House,2020.0,6.5,movie,0,93.0,"Drama, Horror, Thriller           "
tt9619798,349.0,40329.0,The Wrong Missy,The Wrong Missy,2020.0,5.7,movie,0,90.0,"Comedy, Romance           "
tt8201170,358.0,39731.0,The Perfect Date,The Perfect Date,2019.0,5.8,movie,0,89.0,"Comedy, Romance           "
tt7212754,356.0,39912.0,Ludo,Ludo,2020.0,7.6,movie,0,150.0,"Action, Comedy, Crime           "
tt2395469,353.0,40124.0,Gully Boy,Gully Boy,2019.0,7.9,movie,0,154.0,"Drama, Music, Romance           "
tt1563742,363.0,38978.0,Overboard,Overboard,2018.0,6.0,movie,0,112.0,"Comedy, Romance           "
tt7008872,360.0,39231.0,Boy Erased,Boy Erased,2018.0,6.9,movie,0,115.0,"Biography, Drama           "
tt9731534,279.0,53968.0,The Night House,The Night House,2020.0,6.5,movie,0,107.0,"Horror, Mystery, Thriller           "
tt4154916,362.0,39023.0,Replicas,Replicas,2018.0,5.4,movie,0,107.0,"Drama, Sci-Fi, Thriller           "
tt0805647,340.0,41785.0,The Witches,The Witches,2020.0,5.3,movie,0,106.0,"Adventure, Comedy, Family           "
tt6803046,355.0,40014.0,The Vast of Night,The Vast of Night,2019.0,6.7,movie,0,91.0,"Drama, Mystery, Sci-Fi           "
tt1620981,351.0,40286.0,The Addams Family,The Addams Family,2019.0,5.8,movie,0,86.0,"Animation, Comedy, Family           "
tt6324278,364.0,38928.0,Abominable,Abominable,2019.0,7.0,movie,0,97.0,"Animation, Adventure, Comedy           "
tt8522006,352.0,40164.0,Happiest Season,Happiest Season,2020.0,6.6,movie,0,102.0,"Comedy, Drama, Romance           "
tt11024272,346.0,41174.0,The Babysitter: Killer Queen,The Babysitter: Killer Queen,2020.0,5.8,movie,0,101.0,"Comedy, Horror           "
tt5619332,376.0,37575.0,Life of the Party,Life of the Party,2018.0,5.6,movie,0,105.0,Comedy           
tt9354842,357.0,39755.0,To All the Boys: P.S. I Still Love You,To All the Boys: P.S. I Still Love You,2020.0,6.0,movie,0,101.0,"Comedy, Drama, Romance           "
tt10620868,350.0,40291.0,#Alive,#Saraitda,2020.0,6.3,movie,0,98.0,"Action, Drama, Horror           "
tt3385524,374.0,37804.0,Stan & Ollie,Stan & Ollie,2018.0,7.2,movie,0,98.0,"Biography, Comedy, Drama           "
tt5057140,375.0,37762.0,Hold the Dark,Hold the Dark,2018.0,5.6,movie,0,125.0,"Action, Drama, Thriller           "
tt7339248,370.0,38088.0,The Art of Self-Defense,The Art of Self-Defense,2019.0,6.6,movie,0,104.0,"Action, Comedy, Crime           "
tt4537896,367.0,38306.0,White Boy Rick,White Boy Rick,2018.0,6.5,movie,0,111.0,"Crime, Drama           "
tt6107548,369.0,38122.0,Late Night,Late Night,2019.0,6.5,movie,0,102.0,"Comedy, Drama           "
tt7533152,365.0,38890.0,The Boy Who Harnessed the Wind,The Boy Who Harnessed the Wind,2019.0,7.6,movie,0,113.0,"Biography, Drama, History           "
tt6697582,379.0,36943.0,Arif V 216,Arif V 216,2018.0,7.0,movie,0,125.0,"Comedy, Fantasy, Music           "
tt9426210,342.0,41742.0,Weathering with You,Tenki no ko,2019.0,7.5,movie,0,112.0,"Animation, Drama, Fantasy           "
tt1255919,377.0,36994.0,Holmes & Watson,Holmes & Watson,2018.0,3.9,movie,0,90.0,"Comedy, Crime, Mystery           "
tt8151874,372.0,37908.0,Honey Boy,Honey Boy,2019.0,7.2,movie,0,94.0,Drama           
tt10039344,361.0,39221.0,Countdown,Countdown,2019.0,5.4,movie,0,90.0,"Horror, Thriller           "
tt5001754,345.0,41225.0,Braven,Braven,2018.0,5.9,movie,0,94.0,"Action, Thriller           "
tt5580266,380.0,36835.0,The Hate U Give,The Hate U Give,2018.0,7.5,movie,0,133.0,"Crime, Drama           "
tt9683478,368.0,38303.0,The Half of It,The Half of It,2020.0,6.9,movie,0,104.0,"Comedy, Drama, Romance           "
tt1464763,384.0,35868.0,Mute,Mute,2018.0,5.4,movie,0,126.0,"Mystery, Sci-Fi, Thriller           "
tt10350626,390.0,34907.0,Gunjan Saxena: The Kargil Girl,Gunjan Saxena: The Kargil Girl,2020.0,5.6,movie,0,112.0,"Action, Biography, Drama           "
tt4827558,382.0,36488.0,High Life,High Life,2018.0,5.8,movie,0,113.0,"Adventure, Drama, Horror           "
tt5294518,381.0,36714.0,Eli,Eli,2019.0,5.8,movie,0,98.0,"Drama, Horror, Mystery           "
tt5797184,371.0,37917.0,Escape from Pretoria,Escape from Pretoria,2020.0,6.8,movie,0,106.0,"Biography, Crime, Mystery           "
tt6938828,385.0,35693.0,At Eternity's Gate,At Eternity's Gate,2018.0,6.9,movie,0,111.0,"Biography, Drama, History           "
tt7608028,392.0,34873.0,The Open House,The Open House,2018.0,3.3,movie,0,94.0,"Horror, Thriller           "
tt4964788,387.0,35186.0,Everybody Knows,Todos lo saben,2018.0,6.9,movie,0,133.0,"Crime, Drama, Mystery           "
tt3256226,393.0,34677.0,IO,IO,2019.0,4.7,movie,0,96.0,"Adventure, Drama, Sci-Fi           "
tt8781414,383.0,36020.0,Freaks,Freaks,2018.0,6.7,movie,0,105.0,"Drama, Mystery, Sci-Fi           "
tt1072748,394.0,34670.0,Winchester,Winchester,2018.0,5.4,movie,0,99.0,"Drama, Fantasy, Horror           "
tt4669788,389.0,34970.0,On the Basis of Sex,On the Basis of Sex,2018.0,7.1,movie,0,120.0,"Biography, Drama           "
tt1833116,373.0,37856.0,The Informer,The Informer,2019.0,6.6,movie,0,113.0,"Action, Crime, Drama           "
tt7725596,388.0,35019.0,Badhaai Ho,Badhaai ho,2018.0,7.9,movie,0,124.0,"Comedy, Drama           "
tt5690360,391.0,34888.0,Slender Man,Slender Man,2018.0,3.2,movie,0,93.0,"Horror, Mystery, Thriller           "
tt7280898,397.0,34478.0,22 July,22-Jul,2018.0,6.8,movie,0,143.0,"Crime, Drama, History           "
tt5523010,404.0,33918.0,The Nutcracker and the Four Realms,The Nutcracker and the Four Realms,2018.0,5.5,movie,0,99.0,"Adventure, Family, Fantasy           "
tt4878482,396.0,34483.0,Dumplin',Dumplin',2018.0,6.5,movie,0,110.0,"Comedy, Drama           "
tt8108202,395.0,34534.0,Stree,Stree,2018.0,7.5,movie,0,128.0,"Comedy, Horror           "
tt2639336,398.0,34430.0,Greta,Greta,2018.0,6.0,movie,0,98.0,"Drama, Mystery, Thriller           "
tt6802308,402.0,34015.0,The 15:17 to Paris,The 15:17 to Paris,2018.0,5.3,movie,0,94.0,"Biography, Drama, Thriller           "
tt5918982,378.0,36975.0,Possessor,Possessor,2020.0,6.5,movie,0,103.0,"Horror, Mystery, Sci-Fi           "
tt6141246,401.0,34029.0,The Aeronauts,The Aeronauts,2019.0,6.6,movie,0,100.0,"Action, Adventure, Drama           "
tt7557108,366.0,38313.0,Saint Maud,Saint Maud,2019.0,6.7,movie,0,84.0,"Drama, Horror, Mystery           "
tt4761916,405.0,33839.0,Unfriended: Dark Web,Unfriended: Dark Web,2018.0,6.0,movie,0,92.0,"Horror, Mystery, Thriller           "
tt9806192,409.0,33399.0,I Lost My Body,J'ai perdu mon corps,2019.0,7.5,movie,0,81.0,"Animation, Drama, Fantasy           "
tt4073790,417.0,32746.0,The Darkest Minds,The Darkest Minds,2018.0,5.7,movie,0,104.0,"Action, Adventure, Drama           "
tt3833480,386.0,35204.0,The Outpost,The Outpost,2019.0,6.8,movie,0,123.0,"Action, Drama, History           "
tt9398640,413.0,33205.0,Between Two Ferns: The Movie,Between Two Ferns: The Movie,2019.0,6.1,movie,0,82.0,Comedy           
tt6513656,425.0,32411.0,Escape Plan 2: Hades,Escape Plan 2: Hades,2018.0,3.8,movie,0,96.0,"Action, Crime, Mystery           "
tt8108268,399.0,34317.0,The Tashkent Files,The Tashkent Files,2019.0,8.1,movie,0,134.0,"Drama, Mystery, Thriller           "
tt5935704,411.0,33227.0,Padmaavat,Padmaavat,2018.0,7.0,movie,0,164.0,"Drama, History, Romance           "
tt10612922,427.0,32299.0,One Night in Miami...,One Night in Miami...,2020.0,7.1,movie,0,114.0,Drama           
tt8983202,403.0,33922.0,Kabir Singh,Kabir Singh,2019.0,7.0,movie,0,173.0,"Action, Drama, Romance           "
tt8633462,406.0,33817.0,"Quo Vadis, Aida?","Quo vadis, Aida?",2020.0,8.0,movie,0,101.0,"Drama, History, War           "
tt8850222,410.0,33347.0,Peninsula,Bando,2020.0,5.5,movie,0,116.0,"Action, Horror, Thriller           "
tt4986098,434.0,31725.0,The Titan,The Titan,2018.0,4.8,movie,0,97.0,"Drama, Mystery, Romance           "
tt8361028,421.0,32624.0,Cam,Cam,2018.0,5.9,movie,0,94.0,"Drama, Horror, Mystery           "
tt2076298,414.0,32815.0,Ip Man 4: The Finale,Yip Man 4,2019.0,7.0,movie,0,107.0,"Action, Biography, Drama           "
tt9606374,420.0,32653.0,On the Rocks,On the Rocks,2020.0,6.4,movie,0,96.0,"Comedy, Drama, Romance           "
tt4357394,431.0,31973.0,Tau,Tau,2018.0,5.8,movie,0,97.0,"Sci-Fi, Thriller           "
tt7721800,440.0,31275.0,Bharat,Bharat,2019.0,4.7,movie,0,150.0,"Action, Comedy, Drama           "
tt8722346,429.0,32071.0,Queen & Slim,Queen & Slim,2019.0,7.1,movie,0,132.0,"Crime, Drama, Romance           "
tt1285009,433.0,31778.0,The Strangers: Prey at Night,The Strangers: Prey at Night,2018.0,5.2,movie,0,85.0,Horror           
tt7242142,441.0,31160.0,Blindspotting,Blindspotting,2018.0,7.4,movie,0,95.0,"Comedy, Crime, Drama           "
tt6865690,412.0,33218.0,The Professor,The Professor,2018.0,6.7,movie,0,90.0,"Comedy, Drama           "
tt9196192,444.0,30908.0,Cuties,Mignonnes,2020.0,3.5,movie,0,96.0,Drama           
tt10324144,400.0,34052.0,Article 15,Article 15,2019.0,8.1,movie,0,130.0,"Crime, Drama, Mystery           "
tt7605074,445.0,30891.0,The Wandering Earth,Liu lang di qiu,2019.0,5.9,movie,0,125.0,"Action, Adventure, Sci-Fi           "
tt6195094,408.0,33449.0,Incident in a Ghostland,Ghostland,2018.0,6.4,movie,0,91.0,"Drama, Horror, Mystery           "
tt1478839,428.0,32206.0,The Art of Racing in the Rain,The Art of Racing in the Rain,2019.0,7.5,movie,0,109.0,"Comedy, Drama, Romance           "
tt9784456,424.0,32441.0,The Kissing Booth 2,The Kissing Booth 2,2020.0,5.7,movie,0,134.0,"Comedy, Romance           "
tt7547410,438.0,31382.0,Dora and the Lost City of Gold,Dora and the Lost City of Gold,2019.0,6.1,movie,0,102.0,"Action, Adventure, Comedy           "
tt9086228,437.0,31386.0,Gretel & Hansel,Gretel & Hansel,2020.0,5.5,movie,0,87.0,"Fantasy, Horror, Mystery           "
tt7098658,439.0,31360.0,Raazi,Raazi,2018.0,7.7,movie,0,138.0,"Action, Drama, Thriller           "
tt5198068,418.0,32744.0,Wolfwalkers,WolfWalkers,2020.0,8.0,movie,0,103.0,"Animation, Adventure, Family           "
tt4799066,430.0,32019.0,Midnight Sun,Midnight Sun,2018.0,6.6,movie,0,91.0,"Drama, Romance           "
tt3721964,448.0,30595.0,Gringo,Gringo,2018.0,6.1,movie,0,111.0,"Action, Comedy, Crime           "
tt3317234,446.0,30880.0,"Game Over, Man!","Game Over, Man!",2018.0,5.4,movie,0,101.0,"Action, Comedy           "
tt7485048,416.0,32771.0,Super 30,Super 30,2019.0,7.9,movie,0,154.0,"Biography, Drama           "
tt8242084,442.0,31151.0,My Spy,My Spy,2020.0,6.3,movie,0,99.0,"Action, Comedy           "
tt11057644,451.0,30459.0,The Christmas Chronicles: Part Two,The Christmas Chronicles: Part Two,2020.0,6.0,movie,0,112.0,"Adventure, Comedy, Family           "
tt10530176,407.0,33611.0,The Call,Kol,2020.0,7.1,movie,0,112.0,"Crime, Horror, Mystery           "
tt3907584,426.0,32329.0,All the Bright Places,All the Bright Places,2020.0,6.5,movie,0,107.0,"Drama, Romance           "
tt10362466,423.0,32475.0,After We Collided,After We Collided,2020.0,5.0,movie,0,105.0,"Drama, Romance           "
tt7137380,455.0,30022.0,Destroyer,Destroyer,2018.0,6.2,movie,0,121.0,"Action, Crime, Drama           "
tt6987770,449.0,30524.0,Destination Wedding,Destination Wedding,2018.0,6.0,movie,0,87.0,"Comedy, Drama, Romance           "
tt5501104,447.0,30649.0,Border,Gräns,2018.0,7.0,movie,0,110.0,"Crime, Drama, Fantasy           "
tt4068576,436.0,31570.0,The Nightingale,The Nightingale,2018.0,7.3,movie,0,136.0,"Adventure, Drama, Thriller           "
tt4995776,457.0,29841.0,The Red Sea Diving Resort,Operation Brothers,2019.0,6.6,movie,0,129.0,"Drama, History, Thriller           "
tt7019842,435.0,31614.0,96,96,2018.0,8.5,movie,0,158.0,"Drama, Romance           "
tt5929754,460.0,29373.0,Wildlife,Wildlife,2018.0,6.8,movie,0,105.0,Drama           
tt9016974,432.0,31843.0,Synchronic,Synchronic,2019.0,6.2,movie,0,102.0,"Crime, Drama, Horror           "
tt8108274,419.0,32686.0,Tanhaji: The Unsung Warrior,Tanhaji: The Unsung Warrior,2020.0,7.5,movie,0,135.0,"Action, Biography, Drama           "
tt6218358,456.0,29937.0,Calibre,Calibre,2018.0,6.8,movie,0,101.0,"Drama, Thriller           "
tt6857166,465.0,28608.0,Book Club,Book Club,2018.0,6.1,movie,0,104.0,"Comedy, Drama, Romance           "
tt6095472,453.0,30207.0,The Angry Birds Movie 2,The Angry Birds Movie 2,2019.0,6.4,movie,0,97.0,"Animation, Action, Adventure           "
tt6436726,459.0,29563.0,7500,7500,2019.0,6.3,movie,0,93.0,"Action, Drama, Thriller           "
tt1308728,468.0,28520.0,The Happytime Murders,The Happytime Murders,2018.0,5.4,movie,0,91.0,"Action, Comedy, Crime           "
tt7634968,471.0,28344.0,What Men Want,What Men Want,2019.0,5.3,movie,0,117.0,"Comedy, Fantasy, Romance           "
tt8954732,466.0,28562.0,The Princess Switch,The Princess Switch,2018.0,6.0,movie,0,101.0,"Comedy, Drama, Family           "
tt6535880,454.0,30071.0,Haunt,Haunt,2019.0,6.3,movie,0,92.0,"Horror, Thriller           "
tt3089630,463.0,28621.0,Artemis Fowl,Artemis Fowl,2020.0,4.2,movie,0,95.0,"Adventure, Family, Fantasy           "
tt7946422,470.0,28387.0,Prospect,Prospect,2018.0,6.3,movie,0,100.0,"Adventure, Drama, Sci-Fi           "
tt6527426,473.0,28114.0,Zero,Zero,2018.0,5.2,movie,0,164.0,"Comedy, Drama, Romance           "
tt8130968,469.0,28499.0,Badla,Badla,2019.0,7.8,movie,0,118.0,"Crime, Drama, Mystery           "
tt10003008,415.0,32793.0,The Rental,The Rental,2020.0,5.7,movie,0,88.0,"Drama, Horror, Mystery           "
tt12749596,443.0,31074.0,Host,Host,2020.0,6.5,movie,0,57.0,"Horror, Mystery           "
tt9614460,486.0,27207.0,Chhapaak,Chhapaak,2020.0,5.3,movie,0,120.0,"Biography, Drama           "
tt2126357,474.0,28000.0,Second Act,Second Act,2018.0,5.8,movie,0,103.0,"Comedy, Drama, Romance           "
tt10161886,478.0,27524.0,The Prom,The Prom,2020.0,5.9,movie,0,130.0,"Comedy, Drama, Musical           "
tt6285944,461.0,29108.0,The Banker,The Banker,2020.0,7.3,movie,0,120.0,"Biography, Drama           "
tt10964430,462.0,28756.0,Thappad,Thappad,2020.0,7.0,movie,0,142.0,Drama           
tt2762506,476.0,27892.0,Bacurau,Bacurau,2019.0,7.3,movie,0,131.0,"Action, Adventure, Horror           "
tt6269368,467.0,28542.0,The Clovehitch Killer,The Clovehitch Killer,2018.0,6.5,movie,0,109.0,"Crime, Drama, Mystery           "
tt0859635,491.0,26897.0,Super Troopers 2,Super Troopers 2,2018.0,6.0,movie,0,99.0,"Comedy, Crime, Mystery           "
tt6768578,482.0,27281.0,Dogman,Dogman,2018.0,7.2,movie,0,103.0,"Crime, Drama, Thriller           "
tt7772582,464.0,28608.0,Never Rarely Sometimes Always,Never Rarely Sometimes Always,2020.0,7.4,movie,0,101.0,Drama           
tt7961060,472.0,28218.0,Dragon Ball Super: Broly,Doragon bôru chô: Burorî,2018.0,7.7,movie,0,100.0,"Animation, Action, Adventure           "
tt4504044,492.0,26802.0,The Prodigy,The Prodigy,2019.0,5.9,movie,0,92.0,"Fantasy, Horror, Mystery           "
tt6288124,477.0,27589.0,"Don't Worry, He Won't Get Far on Foot","Don't Worry, He Won't Get Far on Foot",2018.0,6.8,movie,0,114.0,"Biography, Comedy, Drama           "
tt7748244,487.0,27187.0,Mortal World,Ölümlü Dünya,2018.0,7.6,movie,0,107.0,"Action, Comedy, Crime           "
tt9477520,458.0,29793.0,Asuran,Asuran,2019.0,8.4,movie,0,141.0,"Action, Drama           "
tt9252468,484.0,27254.0,Mosul,Mosul,2019.0,7.1,movie,0,101.0,"Action, Drama, War           "
tt4648786,479.0,27478.0,Harriet,Harriet,2019.0,6.7,movie,0,125.0,"Action, Biography, Drama           "
tt9072352,483.0,27276.0,Relic,Relic,2020.0,6.0,movie,0,89.0,"Drama, Horror, Mystery           "
tt10521092,452.0,30276.0,The Forgotten Battle,De slag om de Schelde,2020.0,7.1,movie,0,124.0,"Drama, War           "
tt3152592,488.0,27171.0,Scoob!,Scoob!,2020.0,5.6,movie,0,93.0,"Animation, Adventure, Comedy           "
tt6116856,495.0,26553.0,The Night Comes for Us,The Night Comes for Us,2018.0,6.9,movie,0,121.0,"Action, Thriller           "
tt8851668,498.0,26372.0,The Lovebirds,The Lovebirds,2020.0,6.1,movie,0,86.0,"Action, Comedy, Crime           "
tt6348138,496.0,26509.0,Missing Link,Missing Link,2019.0,6.7,movie,0,93.0,"Animation, Adventure, Comedy           "
tt9354944,475.0,27912.0,Jexi,Jexi,2019.0,6.0,movie,0,84.0,"Comedy, Romance, Sci-Fi           "
tt10065694,480.0,27430.0,Antebellum,Antebellum,2020.0,5.8,movie,0,105.0,"Drama, Horror, Mystery           "
tt7218518,494.0,26569.0,Pad Man,Padman,2018.0,7.9,movie,0,140.0,"Biography, Comedy, Drama           "
tt7329656,490.0,26919.0,47 Meters Down: Uncaged,47 Meters Down: Uncaged,2019.0,5.0,movie,0,90.0,"Adventure, Drama, Horror           "
tt3612126,493.0,26680.0,The Grudge,The Grudge,2020.0,4.4,movie,0,94.0,"Fantasy, Horror           "
tt2011311,497.0,26458.0,The Outsider,The Outsider,2018.0,6.2,movie,0,120.0,"Action, Crime, Drama           "
tt5867314,450.0,30465.0,The Empty Man,The Empty Man,2020.0,6.2,movie,0,137.0,"Horror, Mystery, Thriller           "
tt9691136,481.0,27364.0,Shadow in the Cloud,Shadow in the Cloud,2020.0,5.0,movie,0,83.0,"Action, Horror, War           "
tt6521876,499.0,26148.0,Jay and Silent Bob Reboot,Jay and Silent Bob Reboot,2019.0,5.6,movie,0,105.0,"Action, Adventure, Comedy           "
tt8266310,,,,Blinded by the Light,,,movie,0,,
tt5316540,,,,Close,,,movie,0,,
tt9340860,489.0,27154.0,Let Him Go,Let Him Go,2020.0,6.7,movie,0,113.0,"Crime, Drama, Thriller           "
tt10199590,,,,Les misérables,,,movie,0,,
tt6628102,,,,Ahlat Agaci,,,movie,0,,
