movie_id,movie_rank,movie_votes,movie_title,originalTitle,movie_year,movie_rating,titleType,isAdult,movie_runtime,movie_genres
tt7280898,397,34471,22 July,22-Jul,2018,6.8,movie,0,143,"Crime, Drama, History"
tt6865690,412,33213,The Professor,The Professor,2018,6.7,movie,0,90,"Comedy, Drama"
tt8850222,410,33342,Peninsula,Bando,2020,5.5,movie,0,116,"Action, Horror, Thriller"
tt6521876,499,26139,Jay and Silent Bob Reboot,Jay and Silent Bob Reboot,2019,5.6,movie,0,105,"Action, Adventure, Comedy"
tt6107548,369,38112,Late Night,Late Night,2019,6.5,movie,0,102,"Comedy, Drama"
tt7713068,52,239319,Birds of Prey,Birds of Prey: And the Fantabulous Emancipation of One Harley Quinn,2020,6,movie,0,109,"Action, Adventure, Comedy"
tt9691136,481,27351,Shadow in the Cloud,Shadow in the Cloud,2020,5,movie,0,83,"Action, Horror, War"
tt9086228,437,31378,Gretel & Hansel,Gretel & Hansel,2020,5.5,movie,0,87,"Fantasy, Horror, Mystery"
tt3256226,393,34668,IO,IO,2019,4.7,movie,0,96,"Adventure, Drama, Sci-Fi"
tt6565702,68,188141,X-Men: Dark Phoenix,Dark Phoenix,2019,5.7,movie,0,113,"Action, Adventure, Sci-Fi"
tt4463894,277,54172,Shaft,Shaft,2019,6.4,movie,0,111,"Action, Comedy, Crime"
tt3104988,77,173373,Crazy Rich Asians,Crazy Rich Asians,2018,6.9,movie,0,120,"Comedy, Drama, Romance"
tt3281548,62,204881,Little Women,Little Women,2019,7.8,movie,0,135,"Drama, Romance"
tt1413492,181,82798,12 Strong,12 Strong,2018,6.5,movie,0,130,"Action, Drama, History"
tt2126357,474,27991,Second Act,Second Act,2018,5.8,movie,0,103,"Comedy, Drama, Romance"
tt7721800,440,31270,Bharat,Bharat,2019,4.7,movie,0,150,"Action, Comedy, Drama"
tt2011311,497,26452,The Outsider,The Outsider,2018,6.2,movie,0,120,"Action, Crime, Drama"
tt4154664,10,559153,Captain Marvel,Captain Marvel,2019,6.8,movie,0,123,"Action, Adventure, Sci-Fi"
tt5057140,375,37754,Hold the Dark,Hold the Dark,2018,5.6,movie,0,125,"Action, Drama, Thriller"
tt2076298,414,32805,Ip Man 4: The Finale,Yip Man 4,2019,7,movie,0,107,"Action, Biography, Drama"
tt6269368,467,28533,The Clovehitch Killer,The Clovehitch Killer,2018,6.5,movie,0,109,"Crime, Drama, Mystery"
tt8637428,235,64906,The Farewell,The Farewell,2019,7.5,movie,0,100,"Comedy, Drama"
tt5113040,241,62860,The Secret Life of Pets 2,The Secret Life of Pets 2,2019,6.4,movie,0,86,"Animation, Adventure, Comedy"
tt5774450,341,41745,Summer of 84,Summer of 84,2018,6.7,movie,0,105,"Drama, Horror, Mystery"
tt7212754,356,39904,Ludo,Ludo,2020,7.6,movie,0,150,"Action, Comedy, Crime"
tt2139881,140,112136,Long Shot,Long Shot,2019,6.8,movie,0,125,"Comedy, Romance"
tt4073790,417,32737,The Darkest Minds,The Darkest Minds,2018,5.7,movie,0,104,"Action, Adventure, Drama"
tt9686708,222,68664,The King of Staten Island,The King of Staten Island,2020,7.1,movie,0,136,"Comedy, Drama"
tt2557478,131,118338,Pacific Rim: Uprising,Pacific Rim: Uprising,2018,5.6,movie,0,111,"Action, Adventure, Fantasy"
tt6543652,258,57596,Cold War,Zimna wojna,2018,7.5,movie,0,89,"Drama, Music, Romance"
tt5867314,450,30440,The Empty Man,The Empty Man,2020,6.2,movie,0,137,"Horror, Mystery, Thriller"
tt9016974,432,31818,Synchronic,Synchronic,2019,6.2,movie,0,102,"Crime, Drama, Horror"
tt8244784,137,115304,The Hunt,The Hunt,2020,6.5,movie,0,90,"Action, Horror, Thriller"
tt9806192,409,33385,I Lost My Body,"J'ai perdu mon corps",2019,7.5,movie,0,81,"Animation, Drama, Fantasy"
tt10539608,178,83756,The Midnight Sky,The Midnight Sky,2020,5.6,movie,0,118,"Adventure, Drama, Sci-Fi"
tt8629748,169,89087,Spenser Confidential,Spenser Confidential,2020,6.2,movie,0,111,"Action, Comedy, Drama"
tt3513498,227,67490,The Lego Movie 2: The Second Part,The Lego Movie 2: The Second Part,2019,6.6,movie,0,107,"Animation, Action, Adventure"
tt7349950,44,266237,It Chapter Two,It Chapter Two,2019,6.5,movie,0,169,"Drama, Fantasy, Horror"
tt8236336,329,44222,The Report,The Report,2019,7.2,movie,0,119,"Biography, Crime, Drama"
tt6902676,243,62406,Guns Akimbo,Guns Akimbo,2019,6.3,movie,0,98,"Action, Comedy, Crime"
tt8359848,220,69436,Climax,Climax,2018,6.9,movie,0,97,"Drama, Horror, Music"
tt3833480,386,35180,The Outpost,The Outpost,2019,6.8,movie,0,123,"Action, Drama, History"
tt8772262,34,321495,Midsommar,Midsommar,2019,7.1,movie,0,148,"Drama, Horror, Mystery"
tt1677720,20,436132,Ready Player One,Ready Player One,2018,7.4,movie,0,140,"Action, Adventure, Sci-Fi"
tt8239946,307,49315,Tumbbad,Tumbbad,2018,8.2,movie,0,104,"Drama, Fantasy, Horror"
tt7146812,101,149824,Onward,Onward,2020,7.4,movie,0,102,"Animation, Adventure, Comedy"
tt7886848,153,95967,Sadak 2,Sadak 2,2020,1.1,movie,0,133,"Action, Drama"
tt8695030,193,79253,"The Dead Don't Die","The Dead Don't Die",2019,5.4,movie,0,104,"Comedy, Fantasy, Horror"
tt2548396,143,106114,The Cloverfield Paradox,The Cloverfield Paradox,2018,5.5,movie,0,102,"Action, Horror, Sci-Fi"
tt4068576,436,31551,The Nightingale,The Nightingale,2018,7.3,movie,0,136,"Adventure, Drama, Thriller"
tt7605074,445,30883,The Wandering Earth,Liu lang di qiu,2019,5.9,movie,0,125,"Action, Adventure, Sci-Fi"
tt8106534,75,177538,6 Underground,6 Underground,2019,6.1,movie,0,128,"Action, Thriller"
tt4881806,35,317157,Jurassic World: Fallen Kingdom,Jurassic World: Fallen Kingdom,2018,6.1,movie,0,128,"Action, Adventure, Sci-Fi"
tt8242084,442,31145,My Spy,My Spy,2020,6.3,movie,0,99,"Action, Comedy"
tt8663516,288,52647,"Child's Play","Child's Play",2019,5.7,movie,0,90,"Drama, Horror, Sci-Fi"
tt7557108,368,38283,Saint Maud,Saint Maud,2019,6.7,movie,0,84,"Drama, Horror, Mystery"
tt8291806,255,58711,Pain and Glory,Dolor y gloria,2019,7.5,movie,0,113,Drama
tt2948372,32,328430,Soul,Soul,2020,8,movie,0,100,"Animation, Adventure, Comedy"
tt1833116,373,37838,The Informer,The Informer,2019,6.6,movie,0,113,"Action, Crime, Drama"
tt4566758,104,148640,Mulan,Mulan,2020,5.7,movie,0,115,"Action, Adventure, Drama"
tt7504726,304,49765,The Call of the Wild,The Call of the Wild,2020,6.7,movie,0,100,"Adventure, Drama, Family"
tt1137450,216,72786,Death Wish,Death Wish,2018,6.3,movie,0,107,"Action, Crime, Drama"
tt1560220,72,180785,Zombieland: Double Tap,Zombieland: Double Tap,2019,6.7,movie,0,99,"Action, Comedy, Horror"
tt4520988,79,172982,Frozen II,Frozen II,2019,6.8,movie,0,103,"Animation, Adventure, Comedy"
tt3385524,374,37793,Stan & Ollie,Stan & Ollie,2018,7.2,movie,0,98,"Biography, Comedy, Drama"
tt7137380,455,30018,Destroyer,Destroyer,2018,6.2,movie,0,121,"Action, Crime, Drama"
tt6146586,27,343610,John Wick: Chapter 3 - Parabellum,John Wick: Chapter 3 - Parabellum,2019,7.4,movie,0,130,"Action, Crime, Thriller"
tt8633478,191,80174,Run,Run,2020,6.7,movie,0,90,"Mystery, Thriller"
tt6987770,449,30513,Destination Wedding,Destination Wedding,2018,6,movie,0,87,"Comedy, Drama, Romance"
tt10612922,427,32293,One Night in Miami...,One Night in Miami...,2020,7.1,movie,0,114,Drama
tt7958736,278,53996,Ma,Ma,2019,5.6,movie,0,99,"Horror, Mystery, Thriller"
tt1259528,139,113036,Den of Thieves,Den of Thieves,2018,7,movie,0,140,"Action, Crime, Drama"
tt2584384,23,388086,Jojo Rabbit,Jojo Rabbit,2019,7.9,movie,0,108,"Comedy, Drama, War"
tt3361792,343,41591,Tolkien,Tolkien,2019,6.8,movie,0,112,"Biography, Drama, Romance"
tt7242142,441,31154,Blindspotting,Blindspotting,2018,7.4,movie,0,95,"Comedy, Crime, Drama"
tt1289403,315,47335,The Guernsey Literary and Potato Peel Pie Society,The Guernsey Literary and Potato Peel Pie Society,2018,7.3,movie,0,124,"Drama, Romance, War"
tt8361028,421,32612,Cam,Cam,2018,5.9,movie,0,94,"Drama, Horror, Mystery"
tt5580266,380,36829,The Hate U Give,The Hate U Give,2018,7.5,movie,0,133,"Crime, Drama"
tt10272386,96,152750,The Father,The Father,2020,8.2,movie,0,97,"Drama, Mystery"
tt9071322,167,89352,Dark Waters,Dark Waters,2019,7.6,movie,0,126,"Biography, Drama, History"
tt2119543,289,52324,The House with a Clock in Its Walls,The House with a Clock in Its Walls,2018,6,movie,0,105,"Comedy, Family, Fantasy"
tt5606664,65,193999,Doctor Sleep,Doctor Sleep,2019,7.3,movie,0,152,"Drama, Fantasy, Horror"
tt1846589,239,64168,Hunter Killer,Hunter Killer,2018,6.6,movie,0,121,"Action, Thriller"
tt8503618,156,94498,Hamilton,Hamilton,2020,8.4,movie,0,160,"Biography, Drama, History"
tt1488606,119,129510,Triple Frontier,Triple Frontier,2019,6.4,movie,0,125,"Action, Thriller"
tt7985648,338,42329,The Legend of Tomiris,Tomiris,2019,6.1,movie,0,156,"Action, Drama, History"
tt7014006,204,76434,Eighth Grade,Eighth Grade,2018,7.4,movie,0,93,"Comedy, Drama"
tt1051906,55,228860,The Invisible Man,The Invisible Man,2020,7.1,movie,0,124,"Drama, Horror, Mystery"
tt7347846,310,48531,The Lodge,The Lodge,2019,6,movie,0,108,"Drama, Horror, Mystery"
tt10065694,480,27408,Antebellum,Antebellum,2020,5.8,movie,0,105,"Drama, Horror, Mystery"
tt10039344,361,39197,Countdown,Countdown,2019,5.4,movie,0,90,"Horror, Thriller"
tt6324278,364,38916,Abominable,Abominable,2019,7,movie,0,97,"Animation, Adventure, Comedy"
tt6535880,454,30062,Haunt,Haunt,2019,6.3,movie,0,92,"Horror, Thriller"
tt7653254,37,308962,Marriage Story,Marriage Story,2019,7.9,movie,0,137,"Drama, Romance"
tt13143964,107,141376,Borat Subsequent Moviefilm,Borat Subsequent Moviefilm: Delivery of Prodigious Bribe to American Regime for Make Benefit Once Glorious Nation of Kazakhstan,2020,6.6,movie,0,95,Comedy
tt6079516,300,50314,I See You,I See You,2019,6.8,movie,0,98,"Crime, Drama, Horror"
tt7825208,270,55249,Marighella,Marighella,2019,6.6,movie,0,155,"Action, Drama, History"
tt4332232,205,76313,Fractured,Fractured,2019,6.4,movie,0,99,Thriller
tt7329656,490,26911,47 Meters Down: Uncaged,47 Meters Down: Uncaged,2019,5,movie,0,90,"Adventure, Drama, Horror"
tt6679794,215,72988,Outlaw King,Outlaw King,2018,6.9,movie,0,121,"Action, Biography, Drama"
tt4779682,80,172429,The Meg,The Meg,2018,5.6,movie,0,113,"Action, Horror, Sci-Fi"
tt0800325,301,50303,The Dirt,The Dirt,2019,7,movie,0,107,"Biography, Comedy, Drama"
tt5073642,309,48824,Color Out of Space,Color Out of Space,2019,6.2,movie,0,111,"Horror, Mystery, Sci-Fi"
tt2283336,112,135429,Men in Black: International,Men in Black: International,2019,5.6,movie,0,114,"Action, Adventure, Comedy"
tt10362466,423,32461,After We Collided,After We Collided,2020,5,movie,0,105,"Drama, Romance"
tt5932728,321,46550,The Professor and the Madman,The Professor and the Madman,2019,7.2,movie,0,124,"Biography, Drama, History"
tt3224458,185,80675,A Beautiful Day in the Neighborhood,A Beautiful Day in the Neighborhood,2019,7.2,movie,0,109,"Biography, Drama"
tt1502407,94,156285,Halloween,Halloween,2018,6.5,movie,0,106,"Crime, Horror, Thriller"
tt1727824,11,537778,Bohemian Rhapsody,Bohemian Rhapsody,2018,7.9,movie,0,134,"Biography, Drama, Music"
tt6499752,70,186765,Upgrade,Upgrade,2018,7.5,movie,0,100,"Action, Sci-Fi, Thriller"
tt9614460,485,27207,Chhapaak,Chhapaak,2020,5.3,movie,0,120,"Biography, Drama"
tt6398184,264,56925,Downton Abbey,Downton Abbey,2019,7.4,movie,0,122,"Drama, Romance"
tt12749596,443,31050,Host,Host,2020,6.5,movie,0,57,"Horror, Mystery"
tt6218358,456,29924,Calibre,Calibre,2018,6.8,movie,0,101,"Drama, Thriller"
tt5691670,332,43546,Under the Silver Lake,Under the Silver Lake,2018,6.5,movie,0,139,"Crime, Drama, Mystery"
tt6998518,190,80241,Mandy,Mandy,2018,6.5,movie,0,121,"Action, Fantasy, Horror"
tt6320628,15,490601,Spider-Man: Far from Home,Spider-Man: Far from Home,2019,7.4,movie,0,129,"Action, Adventure, Sci-Fi"
tt6977338,210,74898,Good Boys,Good Boys,2019,6.7,movie,0,90,"Adventure, Comedy"
tt7040874,99,150410,A Simple Favor,A Simple Favor,2018,6.8,movie,0,117,"Comedy, Crime, Mystery"
tt6189022,149,98594,Angel Has Fallen,Angel Has Fallen,2019,6.4,movie,0,121,"Action, Thriller"
tt4154756,3,1073002,Avengers: Infinity War,Avengers: Infinity War,2018,8.4,movie,0,149,"Action, Adventure, Sci-Fi"
tt6394270,136,115817,Bombshell,Bombshell,2019,6.8,movie,0,109,"Biography, Drama"
tt7153766,318,46966,Unsane,Unsane,2018,6.4,movie,0,98,"Drama, Horror, Mystery"
tt7374948,263,57069,Always Be My Maybe,Always Be My Maybe,2019,6.8,movie,0,101,"Comedy, Romance"
tt6475714,252,59630,Monster Hunter,Monster Hunter,2020,5.2,movie,0,103,"Action, Adventure, Fantasy"
tt2737304,28,342145,Bird Box,Bird Box,2018,6.6,movie,0,124,"Horror, Mystery, Sci-Fi"
tt5726086,246,61489,Insidious: The Last Key,Insidious: The Last Key,2018,5.7,movie,0,103,"Horror, Mystery, Thriller"
tt5397194,325,45099,Anon,Anon,2018,6.1,movie,0,100,"Crime, Mystery, Sci-Fi"
tt4687108,261,57254,In the Tall Grass,In the Tall Grass,2019,5.4,movie,0,101,"Horror, Mystery, Sci-Fi"
tt5797184,372,37886,Escape from Pretoria,Escape from Pretoria,2020,6.8,movie,0,106,"Biography, Crime, Mystery"
tt4218572,150,98410,Widows,Widows,2018,6.8,movie,0,129,"Crime, Drama, Thriller"
tt6217306,283,53801,Apostle,Apostle,2018,6.3,movie,0,130,"Drama, Fantasy, Horror"
tt8332922,56,227365,A Quiet Place Part II,A Quiet Place Part II,2020,7.2,movie,0,97,"Drama, Horror, Sci-Fi"
tt6491178,316,47082,Dragged Across Concrete,Dragged Across Concrete,2018,6.9,movie,0,159,"Action, Thriller"
tt5164432,135,115851,"Love, Simon","Love, Simon",2018,7.5,movie,0,110,"Comedy, Drama, Romance"
tt4986098,434,31722,The Titan,The Titan,2018,4.8,movie,0,97,"Drama, Mystery, Romance"
tt4532826,211,74549,Robin Hood,Robin Hood,2018,5.3,movie,0,116,"Action, Adventure, Drama"
tt2990140,214,73231,The Christmas Chronicles,The Christmas Chronicles,2018,7,movie,0,104,"Adventure, Comedy, Family"
tt10886166,165,90317,365 Days,365 dni,2020,3.3,movie,0,114,"Drama, Romance"
tt6133466,237,64769,The First Purge,The First Purge,2018,5.2,movie,0,97,"Action, Horror, Sci-Fi"
tt3089630,463,28614,Artemis Fowl,Artemis Fowl,2020,4.2,movie,0,95,"Adventure, Family, Fantasy"
tt11032374,256,58119,Demon Slayer the Movie: Mugen Train,Kimetsu no Yaiba: Mugen Ressha-Hen,2020,8.2,movie,0,117,"Animation, Action, Adventure"
tt6921996,209,75106,Johnny English Strikes Again,Johnny English Strikes Again,2018,6.2,movie,0,89,"Action, Adventure, Comedy"
tt1620981,351,40207,The Addams Family,The Addams Family,2019,5.8,movie,0,86,"Animation, Comedy, Family"
tt4878482,396,34475,"Dumplin'","Dumplin'",2018,6.5,movie,0,110,"Comedy, Drama"
tt9620292,78,173089,Promising Young Woman,Promising Young Woman,2020,7.5,movie,0,113,"Crime, Drama, Mystery"
tt5563334,337,42594,The Good Liar,The Good Liar,2019,6.7,movie,0,109,"Crime, Drama, Mystery"
tt8291224,238,64463,Uri: The Surgical Strike,Uri: The Surgical Strike,2019,8.2,movie,0,138,"Action, Drama, History"
tt8108198,157,93870,Andhadhun,Andhadhun,2018,8.2,movie,0,139,"Comedy, Crime, Music"
tt8526872,247,61313,Dolemite Is My Name,Dolemite Is My Name,2019,7.2,movie,0,118,"Biography, Comedy, Drama"
tt8936646,63,203530,Extraction,Extraction,2020,6.7,movie,0,116,"Action, Thriller"
tt2704998,54,235869,Game Night,Game Night,2018,6.9,movie,0,100,"Action, Adventure, Comedy"
tt8108202,395,34495,Stree,Stree,2018,7.5,movie,0,128,"Comedy, Horror"
tt8983202,403,33904,Kabir Singh,Kabir Singh,2019,7,movie,0,173,"Action, Drama, Romance"
tt6742252,253,59517,The Guilty,Den skyldige,2018,7.5,movie,0,85,"Crime, Drama, Thriller"
tt6048922,151,97928,Greyhound,Greyhound,2020,7,movie,0,91,"Action, Drama, History"
tt8364368,176,85324,Crawl,Crawl,2019,6.1,movie,0,87,"Action, Adventure, Horror"
tt2274648,162,91166,Hellboy,Hellboy,2019,5.2,movie,0,120,"Action, Adventure, Fantasy"
tt8784956,267,56197,Ava,Ava,2020,5.4,movie,0,96,"Action, Drama, Thriller"
tt7131622,6,731557,Once Upon a Time in Hollywood,Once Upon a Time... in Hollywood,2019,7.6,movie,0,161,"Comedy, Drama"
tt7533152,365,38868,The Boy Who Harnessed the Wind,The Boy Who Harnessed the Wind,2019,7.6,movie,0,113,"Biography, Drama, History"
tt6285944,461,29093,The Banker,The Banker,2020,7.3,movie,0,120,"Biography, Drama"
tt10059518,221,69273,Unhinged,Unhinged,2020,6,movie,0,90,"Action, Thriller"
tt6306064,260,57434,Adrift,Adrift,2018,6.6,movie,0,96,"Action, Adventure, Biography"
tt4633694,13,524739,Spider-Man: Into the Spider-Verse,Spider-Man: Into the Spider-Verse,2018,8.4,movie,0,117,"Animation, Action, Adventure"
tt6663582,197,78355,The Spy Who Dumped Me,The Spy Who Dumped Me,2018,6,movie,0,117,"Action, Adventure, Comedy"
tt5431890,311,48402,Official Secrets,Official Secrets,2019,7.3,movie,0,112,"Biography, Crime, Drama"
tt8946378,7,624872,Knives Out,Knives Out,2019,7.9,movie,0,130,"Comedy, Crime, Drama"
tt9866072,229,66610,Holidate,Holidate,2020,6.1,movie,0,104,"Comedy, Romance"
tt6155172,92,158925,Roma,Roma,2018,7.7,movie,0,135,Drama
tt1086064,313,48236,Bill & Ted Face the Music,Bill & Ted Face the Music,2020,5.9,movie,0,91,"Adventure, Comedy, Music"
tt7401588,142,107965,Instant Family,Instant Family,2018,7.3,movie,0,118,"Comedy, Drama"
tt6513656,425,32402,Escape Plan 2: Hades,Escape Plan 2: Hades,2018,3.8,movie,0,96,"Action, Crime, Mystery"
tt3387520,199,77728,Scary Stories to Tell in the Dark,Scary Stories to Tell in the Dark,2019,6.2,movie,0,108,"Adventure, Horror, Mystery"
tt7725596,388,35007,Badhaai Ho,Badhaai ho,2018,7.9,movie,0,124,"Comedy, Drama"
tt2386490,118,129885,How to Train Your Dragon: The Hidden World,How to Train Your Dragon: The Hidden World,2019,7.4,movie,0,104,"Animation, Action, Adventure"
tt7549996,297,51082,Judy,Judy,2019,6.8,movie,0,118,"Biography, Drama, Romance"
tt3846674,141,108733,"To All the Boys I've Loved Before","To All the Boys I've Loved Before",2018,7,movie,0,99,"Comedy, Drama, Romance"
tt1517451,25,384073,A Star Is Born,A Star Is Born,2018,7.6,movie,0,136,"Drama, Music, Romance"
tt7218518,494,26562,Pad Man,Padman,2018,7.9,movie,0,140,"Biography, Comedy, Drama"
tt3861390,203,76612,Dumbo,Dumbo,2019,6.3,movie,0,112,"Adventure, Family, Fantasy"
tt8367814,29,338177,The Gentlemen,The Gentlemen,2019,7.8,movie,0,113,"Action, Comedy, Crime"
tt5613484,230,66328,Mid90s,Mid90s,2018,7.3,movie,0,85,"Comedy, Drama"
tt7098658,439,31358,Raazi,Raazi,2018,7.7,movie,0,138,"Action, Drama, Thriller"
tt5935704,411,33220,Padmaavat,Padmaavat,2018,7,movie,0,164,"Drama, History, Romance"
tt5688932,187,80384,Sorry to Bother You,Sorry to Bother You,2018,6.9,movie,0,112,"Comedy, Drama, Fantasy"
tt2452244,218,70526,"Isn't It Romantic","Isn't It Romantic",2019,5.9,movie,0,89,"Comedy, Fantasy, Musical"
tt7608028,392,34872,The Open House,The Open House,2018,3.3,movie,0,94,"Horror, Thriller"
tt4154796,2,1121058,Avengers: Endgame,Avengers: Endgame,2019,8.4,movie,0,181,"Action, Adventure, Drama"
tt9619798,349,40318,The Wrong Missy,The Wrong Missy,2020,5.7,movie,0,90,"Comedy, Romance"
tt6644200,12,527934,A Quiet Place,A Quiet Place,2018,7.5,movie,0,90,"Drama, Horror, Sci-Fi"
tt5028340,170,88825,Mary Poppins Returns,Mary Poppins Returns,2018,6.7,movie,0,130,"Adventure, Comedy, Family"
tt6781982,344,41403,Night School,Night School,2018,5.6,movie,0,111,Comedy
tt3892172,249,60354,Leave No Trace,Leave No Trace,2018,7.1,movie,0,109,"Adventure, Drama"
tt6343314,125,126563,Creed II,Creed II,2018,7.1,movie,0,130,"Drama, Sport"
tt1226837,198,78309,Beautiful Boy,Beautiful Boy,2018,7.3,movie,0,120,"Biography, Drama"
tt9777644,290,51891,Da 5 Bloods,Da 5 Bloods,2020,6.5,movie,0,154,"Adventure, Drama, War"
tt9354944,475,27897,Jexi,Jexi,2019,6,movie,0,84,"Comedy, Romance, Sci-Fi"
tt2850386,330,43855,The Croods: A New Age,The Croods: A New Age,2020,6.9,movie,0,95,"Animation, Adventure, Comedy"
tt4477536,228,66772,Fifty Shades Freed,Fifty Shades Freed,2018,4.5,movie,0,105,"Drama, Romance, Thriller"
tt4357394,431,31965,Tau,Tau,2018,5.8,movie,0,97,"Sci-Fi, Thriller"
tt3829266,114,134606,The Predator,The Predator,2018,5.3,movie,0,107,"Action, Adventure, Sci-Fi"
tt10633456,183,81754,Minari,Minari,2020,7.4,movie,0,115,Drama
tt4500922,108,141362,Maze Runner: The Death Cure,Maze Runner: The Death Cure,2018,6.2,movie,0,143,"Action, Adventure, Sci-Fi"
tt5095030,21,401805,Ant-Man and the Wasp,Ant-Man and the Wasp,2018,7,movie,0,118,"Action, Adventure, Comedy"
tt7485048,416,32757,Super 30,Super 30,2019,7.9,movie,0,154,"Biography, Drama"
tt5968394,274,54830,Captive State,Captive State,2019,6,movie,0,109,"Action, Horror, Sci-Fi"
tt5083738,64,201187,The Favourite,The Favourite,2018,7.5,movie,0,119,"Biography, Comedy, Drama"
tt7946422,470,28378,Prospect,Prospect,2018,6.3,movie,0,100,"Adventure, Drama, Sci-Fi"
tt10431500,308,49287,Miracle in Cell No. 7,Yedinci Kogustaki Mucize,2019,8.2,movie,0,132,Drama
tt5117670,331,43551,Peter Rabbit,Peter Rabbit,2018,6.6,movie,0,95,"Adventure, Comedy, Crime"
tt6803046,355,40007,The Vast of Night,The Vast of Night,2019,6.7,movie,0,91,"Drama, Mystery, Sci-Fi"
tt4777008,144,106096,Maleficent: Mistress of Evil,Maleficent: Mistress of Evil,2019,6.6,movie,0,119,"Adventure, Family, Fantasy"
tt7838252,174,86862,K.G.F: Chapter 1,K.G.F: Chapter 1,2018,8.2,movie,0,156,"Action, Crime, Drama"
tt3778644,26,347258,Solo: A Star Wars Story,Solo: A Star Wars Story,2018,6.9,movie,0,135,"Action, Adventure, Sci-Fi"
tt3721964,448,30590,Gringo,Gringo,2018,6.1,movie,0,111,"Action, Comedy, Crime"
tt0448115,30,337927,Shazam!,Shazam!,2019,7,movie,0,132,"Action, Adventure, Comedy"
tt1634106,196,78490,Bloodshot,Bloodshot,2020,5.7,movie,0,109,"Action, Adventure, Sci-Fi"
tt9477520,458,29772,Asuran,Asuran,2019,8.4,movie,0,141,"Action, Drama"
tt2709692,217,71350,The Grinch,The Grinch,2018,6.3,movie,0,85,"Animation, Comedy, Family"
tt6476140,339,41853,Serenity,Serenity,2019,5.4,movie,0,106,"Drama, Mystery, Thriller"
tt10350922,259,57504,Laxmii,Laxmii,2020,2.6,movie,0,141,"Action, Comedy, Horror"
tt7282468,231,65645,Burning,Beoning,2018,7.5,movie,0,148,"Drama, Mystery, Thriller"
tt4560436,186,80523,Mile 22,Mile 22,2018,6.1,movie,0,94,"Action, Thriller"
tt6259380,348,40502,Code 8,Code 8,2019,6.1,movie,0,98,"Action, Crime, Drama"
tt11024272,346,41105,The Babysitter: Killer Queen,The Babysitter: Killer Queen,2020,5.8,movie,0,101,"Comedy, Horror"
tt0805647,340,41761,The Witches,The Witches,2020,5.3,movie,0,106,"Adventure, Comedy, Family"
tt6095472,453,30189,The Angry Birds Movie 2,The Angry Birds Movie 2,2019,6.4,movie,0,97,"Animation, Action, Adventure"
tt7315484,322,45990,The Silence,The Silence,2019,5.3,movie,0,90,"Drama, Horror, Sci-Fi"
tt8580274,155,94612,Eurovision Song Contest: The Story of Fire Saga,Eurovision Song Contest: The Story of Fire Saga,2020,6.5,movie,0,123,"Comedy, Musical"
tt8151874,371,37898,Honey Boy,Honey Boy,2019,7.2,movie,0,94,Drama
tt3907584,426,32300,All the Bright Places,All the Bright Places,2020,6.5,movie,0,107,"Drama, Romance"
tt6105098,50,245534,The Lion King,The Lion King,2019,6.8,movie,0,118,"Animation, Adventure, Drama"
tt7772582,465,28587,Never Rarely Sometimes Always,Never Rarely Sometimes Always,2020,7.4,movie,0,101,Drama
tt8508734,335,42746,His House,His House,2020,6.5,movie,0,93,"Drama, Horror, Thriller"
tt8851668,498,26367,The Lovebirds,The Lovebirds,2020,6.1,movie,0,86,"Action, Comedy, Crime"
tt7339248,370,38083,The Art of Self-Defense,The Art of Self-Defense,2019,6.6,movie,0,104,"Action, Comedy, Crime"
tt7784604,36,316040,Hereditary,Hereditary,2018,7.3,movie,0,127,"Drama, Horror, Mystery"
tt6966692,16,489120,Green Book,Green Book,2018,8.2,movie,0,130,"Biography, Comedy, Drama"
tt7431594,319,46884,Race 3,Race 3,2018,1.9,movie,0,160,"Action, Crime, Thriller"
tt10682266,292,51636,Hubie Halloween,Hubie Halloween,2020,5.2,movie,0,103,"Comedy, Mystery"
tt4595882,286,52821,Can You Ever Forgive Me?,Can You Ever Forgive Me?,2018,7.1,movie,0,106,"Biography, Comedy, Crime"
tt6292852,161,91840,I Am Mother,I Am Mother,2019,6.7,movie,0,113,"Drama, Mystery, Sci-Fi"
tt2798920,33,327155,Annihilation,Annihilation,2018,6.8,movie,0,115,"Adventure, Drama, Horror"
tt7748244,487,27180,Mortal World,Ölümlü Dünya,2018,7.6,movie,0,107,"Action, Comedy, Crime"
tt6116856,495,26545,The Night Comes for Us,The Night Comes for Us,2018,6.9,movie,0,121,"Action, Thriller"
tt5619332,376,37573,Life of the Party,Life of the Party,2018,5.6,movie,0,105,Comedy
tt7668842,269,55290,Enes Batur,Enes Batur Hayal mi Gerçek mi?,2018,2,movie,0,110,Comedy
tt8633462,406,33790,"Quo Vadis, Aida?","Quo vadis, Aida?",2020,8,movie,0,101,"Drama, History, War"
tt2328900,294,51180,Mary Queen of Scots,Mary Queen of Scots,2018,6.3,movie,0,124,"Biography, Drama, History"
tt10521092,452,30228,The Forgotten Battle,De slag om de Schelde,2020,7.1,movie,0,124,"Drama, War"
tt5463162,9,580939,Deadpool 2,Deadpool 2,2018,7.7,movie,0,119,"Action, Adventure, Comedy"
tt6791096,275,54403,I Feel Pretty,I Feel Pretty,2018,5.6,movie,0,110,"Comedy, Romance"
tt7798634,97,152333,Ready or Not,Ready or Not,2019,6.8,movie,0,95,"Action, Comedy, Horror"
tt2231461,82,169302,Rampage,Rampage,2018,6.1,movie,0,107,"Action, Adventure, Sci-Fi"
tt5610554,251,59814,Tully,Tully,2018,6.9,movie,0,95,"Comedy, Drama, Mystery"
tt3201640,284,53545,Extinction,Extinction,2018,5.8,movie,0,95,"Action, Drama, Sci-Fi"
tt6628394,98,151306,Bad Times at the El Royale,Bad Times at the El Royale,2018,7.1,movie,0,141,"Crime, Drama, Mystery"
tt6878306,172,87513,News of the World,News of the World,2020,6.8,movie,0,118,"Action, Adventure, Drama"
tt2639336,398,34411,Greta,Greta,2018,6,movie,0,98,"Drama, Mystery, Thriller"
tt6857112,38,299317,Us,Us,2019,6.8,movie,0,116,"Horror, Mystery, Thriller"
tt4123430,40,283540,Fantastic Beasts: The Crimes of Grindelwald,Fantastic Beasts: The Crimes of Grindelwald,2018,6.5,movie,0,134,"Adventure, Family, Fantasy"
tt5523010,404,33899,The Nutcracker and the Four Realms,The Nutcracker and the Four Realms,2018,5.5,movie,0,99,"Adventure, Family, Fantasy"
tt4913966,296,51093,The Curse of La Llorona,The Curse of La Llorona,2019,5.2,movie,0,93,"Horror, Mystery, Thriller"
tt1590193,133,116771,The Commuter,The Commuter,2018,6.3,movie,0,104,"Action, Mystery, Thriller"
tt7975244,48,250834,Jumanji: The Next Level,Jumanji: The Next Level,2019,6.7,movie,0,123,"Action, Adventure, Comedy"
tt1563742,363,38972,Overboard,Overboard,2018,6,movie,0,112,"Comedy, Romance"
tt5208252,333,43174,Operation Finale,Operation Finale,2018,6.6,movie,0,122,"Biography, Drama, History"
tt6823368,51,244225,Glass,Glass,2019,6.6,movie,0,129,"Drama, Horror, Sci-Fi"
tt9731534,279,53912,The Night House,The Night House,2020,6.5,movie,0,107,"Horror, Mystery, Thriller"
tt6212478,323,45496,American Animals,American Animals,2018,7,movie,0,116,"Biography, Crime, Drama"
tt6697582,379,36939,Arif V 216,Arif V 216,2018,7,movie,0,125,"Comedy, Fantasy, Music"
tt3152592,488,27163,Scoob!,Scoob!,2020,5.6,movie,0,93,"Animation, Adventure, Comedy"
tt10514222,281,53901,"Ma Rainey's Black Bottom","Ma Rainey's Black Bottom",2020,6.9,movie,0,94,"Drama, Music"
tt6348138,496,26494,Missing Link,Missing Link,2019,6.7,movie,0,93,"Animation, Adventure, Comedy"
tt7550000,168,89253,Project Power,Project Power,2020,6,movie,0,113,"Action, Crime, Sci-Fi"
tt5783956,302,49966,When We First Met,When We First Met,2018,6.4,movie,0,97,"Comedy, Fantasy, Romance"
tt0983946,285,53049,Fantasy Island,Fantasy Island,2020,4.9,movie,0,109,"Fantasy, Horror, Mystery"
tt8130968,469,28485,Badla,Badla,2019,7.8,movie,0,118,"Crime, Drama, Mystery"
tt1072748,394,34656,Winchester,Winchester,2018,5.4,movie,0,99,"Drama, Fantasy, Horror"
tt1308728,468,28510,The Happytime Murders,The Happytime Murders,2018,5.4,movie,0,91,"Action, Comedy, Crime"
tt6911608,152,96251,Mamma Mia! Here We Go Again,Mamma Mia! Here We Go Again,2018,6.6,movie,0,114,"Comedy, Musical, Romance"
tt7984766,117,130426,The King,The King,2019,7.3,movie,0,140,"Biography, Drama, History"
tt2762506,476,27880,Bacurau,Bacurau,2019,7.3,movie,0,131,"Action, Adventure, Horror"
tt8368406,250,60153,Vivarium,Vivarium,2019,5.8,movie,0,97,"Horror, Mystery, Sci-Fi"
tt6673612,234,65160,Dolittle,Dolittle,2020,5.6,movie,0,101,"Adventure, Comedy, Family"
tt1979376,47,250869,Toy Story 4,Toy Story 4,2019,7.7,movie,0,100,"Animation, Adventure, Comedy"
tt1477834,18,473954,Aquaman,Aquaman,2018,6.8,movie,0,143,"Action, Adventure, Fantasy"
tt6412452,103,148700,The Ballad of Buster Scruggs,The Ballad of Buster Scruggs,2018,7.3,movie,0,133,"Comedy, Drama, Musical"
tt5220122,208,75133,Hotel Transylvania 3: Summer Vacation,Hotel Transylvania 3: Summer Vacation,2018,6.3,movie,0,97,"Animation, Adventure, Comedy"
tt8110640,280,53911,In the Shadow of the Moon,In the Shadow of the Moon,2019,6.2,movie,0,115,"Action, Crime, Mystery"
tt5246700,282,53803,How It Ends,How It Ends,2018,5,movie,0,113,"Action, Drama, Horror"
tt4504044,492,26799,The Prodigy,The Prodigy,2019,5.9,movie,0,92,"Fantasy, Horror, Mystery"
tt7939766,173,87192,"I'm Thinking of Ending Things","I'm Thinking of Ending Things",2020,6.6,movie,0,134,"Drama, Thriller"
tt6266538,105,148492,Vice,Vice,2018,7.2,movie,0,132,"Biography, Comedy, Drama"
tt5461944,236,64794,Hotel Mumbai,Hotel Mumbai,2018,7.6,movie,0,123,"Action, Drama, History"
tt8155288,207,75509,Happy Death Day 2U,Happy Death Day 2U,2019,6.2,movie,0,100,"Comedy, Horror, Mystery"
tt4669788,389,34958,On the Basis of Sex,On the Basis of Sex,2018,7.1,movie,0,120,"Biography, Drama"
tt10280276,213,73645,Coolie No. 1,Coolie No. 1,2020,4.2,movie,0,134,"Action, Comedy, Romance"
tt5814060,106,142210,The Nun,The Nun,2018,5.3,movie,0,96,"Horror, Mystery, Thriller"
tt10288566,93,157833,Another Round,Druk,2020,7.7,movie,0,117,"Comedy, Drama"
tt9770150,89,161149,Nomadland,Nomadland,2020,7.3,movie,0,107,Drama
tt8108268,399,34310,The Tashkent Files,The Tashkent Files,2019,8.1,movie,0,134,"Drama, Mystery, Thriller"
tt2935510,53,236150,Ad Astra,Ad Astra,2019,6.5,movie,0,123,"Adventure, Drama, Mystery"
tt5164214,58,220284,"Ocean's Eight","Ocean's Eight",2018,6.3,movie,0,110,"Action, Comedy, Crime"
tt7772580,328,44243,The Perfection,The Perfection,2018,6.2,movie,0,90,"Drama, Horror, Music"
tt7456310,180,82924,Anna,Anna,2019,6.6,movie,0,118,"Action, Thriller"
tt1213641,66,189054,First Man,First Man,2018,7.3,movie,0,141,"Biography, Drama, History"
tt8544498,317,46999,The Way Back,The Way Back,2020,6.7,movie,0,108,"Drama, Sport"
tt5719748,219,69936,Cold Pursuit,Cold Pursuit,2019,6.2,movie,0,119,"Action, Comedy, Crime"
tt4364194,163,90937,The Peanut Butter Falcon,The Peanut Butter Falcon,2019,7.6,movie,0,97,"Adventure, Comedy, Drama"
tt2388771,242,62524,Mowgli: Legend of the Jungle,Mowgli,2018,6.5,movie,0,104,"Adventure, Drama, Fantasy"
tt9495224,124,127360,Black Mirror: Bandersnatch,Black Mirror: Bandersnatch,2018,7.1,movie,0,90,"Drama, Fantasy, Mystery"
tt3120280,359,39398,Sierra Burgess Is a Loser,Sierra Burgess Is a Loser,2018,5.8,movie,0,105,"Comedy, Drama, Romance"
tt6806448,61,213411,Fast & Furious Presents: Hobbs & Shaw,Fast & Furious Presents: Hobbs & Shaw,2019,6.5,movie,0,137,"Action, Adventure, Thriller"
tt8722346,429,32066,Queen & Slim,Queen & Slim,2019,7.1,movie,0,132,"Crime, Drama, Romance"
tt6924650,175,86322,Midway,Midway,2019,6.7,movie,0,138,"Action, Drama, History"
tt7734218,314,48024,Stuber,Stuber,2019,6.2,movie,0,93,"Action, Comedy, Crime"
tt1860242,159,92230,The Highwaymen,The Highwaymen,2019,6.9,movie,0,132,"Biography, Crime, Drama"
tt7959026,110,138319,The Mule,The Mule,2018,7,movie,0,116,"Crime, Drama, Thriller"
tt5834262,276,54211,Hotel Artemis,Hotel Artemis,2018,6.1,movie,0,94,"Action, Crime, Drama"
tt2481498,154,95231,"Extremely Wicked, Shockingly Evil and Vile","Extremely Wicked, Shockingly Evil and Vile",2019,6.7,movie,0,110,"Biography, Crime, Drama"
tt0837563,158,92955,Pet Sematary,Pet Sematary,2019,5.7,movie,0,101,"Horror, Mystery, Thriller"
tt5848272,87,162045,Ralph Breaks the Internet,Ralph Breaks the Internet,2018,7,movie,0,112,"Animation, Adventure, Comedy"
tt9784456,424,32426,The Kissing Booth 2,The Kissing Booth 2,2020,5.7,movie,0,134,"Comedy, Romance"
tt7984734,59,217399,The Lighthouse,The Lighthouse,2019,7.4,movie,0,109,"Drama, Fantasy, Horror"
tt9606374,420,32640,On the Rocks,On the Rocks,2020,6.4,movie,0,96,"Comedy, Drama, Romance"
tt1070874,74,177673,The Trial of the Chicago 7,The Trial of the Chicago 7,2020,7.7,movie,0,129,"Drama, History, Thriller"
tt5886046,127,123657,Escape Room,Escape Room,2019,6.4,movie,0,99,"Action, Adventure, Horror"
tt6768578,482,27277,Dogman,Dogman,2018,7.2,movie,0,103,"Crime, Drama, Thriller"
tt1270797,17,484660,Venom,Venom,2018,6.6,movie,0,112,"Action, Adventure, Sci-Fi"
tt5501104,447,30637,Border,Gräns,2018,7,movie,0,110,"Crime, Drama, Fantasy"
tt6938828,385,35679,"At Eternity's Gate","At Eternity's Gate",2018,6.9,movie,0,111,"Biography, Drama, History"
tt4537896,366,38301,White Boy Rick,White Boy Rick,2018,6.5,movie,0,111,"Crime, Drama"
tt5865326,293,51420,The Laundromat,The Laundromat,2019,6.3,movie,0,96,"Comedy, Crime, Drama"
tt3612126,493,26675,The Grudge,The Grudge,2020,4.4,movie,0,94,"Fantasy, Horror"
tt9398640,413,33187,Between Two Ferns: The Movie,Between Two Ferns: The Movie,2019,6.1,movie,0,82,Comedy
tt1464763,384,35863,Mute,Mute,2018,5.4,movie,0,126,"Mystery, Sci-Fi, Thriller"
tt4964788,387,35174,Everybody Knows,Todos lo saben,2018,6.9,movie,0,133,"Crime, Drama, Mystery"
tt2222042,122,128132,Love and Monsters,Love and Monsters,2020,6.9,movie,0,109,"Action, Adventure, Comedy"
tt6772950,262,57108,Truth or Dare,Truth or Dare,2018,5.2,movie,0,100,"Horror, Thriller"
tt8267604,166,89911,Capernaum,Capharnaüm,2018,8.4,movie,0,126,Drama
tt4139588,164,90850,Polar,Polar,2019,6.3,movie,0,118,"Action, Thriller"
tt8228288,57,225307,The Platform,El hoyo,2019,7,movie,0,94,"Horror, Sci-Fi, Thriller"
tt1025100,138,114262,Gemini Man,Gemini Man,2019,5.7,movie,0,117,"Action, Adventure, Sci-Fi"
tt5884052,85,164101,Pokémon Detective Pikachu,Pokémon: Detective Pikachu,2019,6.5,movie,0,104,"Action, Adventure, Comedy"
tt4761916,405,33833,Unfriended: Dark Web,Unfriended: Dark Web,2018,6,movie,0,92,"Horror, Mystery, Thriller"
tt8579674,8,585106,1917,1917,2019,8.2,movie,0,119,"Action, Drama, War"
tt6527426,473,28109,Zero,Zero,2018,5.2,movie,0,164,"Comedy, Drama, Romance"
tt10350626,390,34906,Gunjan Saxena: The Kargil Girl,Gunjan Saxena: The Kargil Girl,2020,5.6,movie,0,112,"Action, Biography, Drama"
tt5929754,460,29369,Wildlife,Wildlife,2018,6.8,movie,0,105,Drama
tt3799232,177,84953,The Kissing Booth,The Kissing Booth,2018,5.9,movie,0,105,"Comedy, Romance"
tt5304992,272,54882,Set It Up,Set It Up,2018,6.5,movie,0,105,"Comedy, Romance"
tt9683478,367,38291,The Half of It,The Half of It,2020,6.9,movie,0,104,"Comedy, Drama, Romance"
tt4995776,457,29833,The Red Sea Diving Resort,Operation Brothers,2019,6.6,movie,0,129,"Drama, History, Thriller"
tt1950186,22,391843,Ford v Ferrari,Ford v Ferrari,2019,8.1,movie,0,152,"Action, Biography, Drama"
tt5727208,41,281946,Uncut Gems,Uncut Gems,2019,7.4,movie,0,135,"Crime, Drama, Thriller"
tt4648786,479,27469,Harriet,Harriet,2019,6.7,movie,0,125,"Action, Biography, Drama"
tt9072352,483,27270,Relic,Relic,2020,6,movie,0,89,"Drama, Horror, Mystery"
tt2531344,189,80277,Blockers,Blockers,2018,6.2,movie,0,102,"Comedy, Drama"
tt3741700,71,183653,Godzilla: King of the Monsters,Godzilla: King of the Monsters,2019,6,movie,0,132,"Action, Adventure, Fantasy"
tt1571234,123,127408,Mortal Engines,Mortal Engines,2018,6.1,movie,0,128,"Action, Adventure, Fantasy"
tt9893250,115,133327,I Care a Lot,I Care a Lot,2020,6.3,movie,0,118,"Comedy, Crime, Drama"
tt5918982,378,36957,Possessor,Possessor,2020,6.5,movie,0,103,"Horror, Mystery, Sci-Fi"
tt10324144,400,34039,Article 15,Article 15,2019,8.1,movie,0,130,"Crime, Drama, Mystery"
tt7008872,360,39218,Boy Erased,Boy Erased,2018,6.9,movie,0,115,"Biography, Drama"
tt9214832,273,54864,Emma.,Emma.,2020,6.7,movie,0,124,"Comedy, Drama, Romance"
tt4575576,195,78642,Christopher Robin,Christopher Robin,2018,7.2,movie,0,104,"Adventure, Comedy, Drama"
tt10919380,254,58992,Freaky,Freaky,2020,6.3,movie,0,102,"Comedy, Horror, Thriller"
tt6452574,268,55332,Sanju,Sanju,2018,7.6,movie,0,155,"Biography, Comedy, Drama"
tt1489887,130,120014,Booksmart,Booksmart,2019,7.1,movie,0,102,Comedy
tt7556122,84,165665,The Old Guard,The Old Guard,2020,6.6,movie,0,125,"Action, Thriller"
tt7668870,86,163628,Searching,Searching,2018,7.6,movie,0,102,"Drama, Horror, Mystery"
tt5177088,312,48254,"The Girl in the Spider's Web","The Girl in the Spider's Web",2018,6.1,movie,0,115,"Action, Crime, Drama"
tt10964430,462,28752,Thappad,Thappad,2020,7,movie,0,142,Drama
tt6513120,182,81980,Fighting with My Family,Fighting with My Family,2019,7.1,movie,0,108,"Biography, Comedy, Drama"
tt7846844,67,188792,Enola Holmes,Enola Holmes,2020,6.6,movie,0,123,"Action, Adventure, Crime"
tt11057644,451,30406,The Christmas Chronicles: Part Two,The Christmas Chronicles: Part Two,2020,6,movie,0,112,"Adventure, Comedy, Family"
tt6772802,334,42761,Hillbilly Elegy,Hillbilly Elegy,2020,6.7,movie,0,116,Drama
tt7752126,148,98964,Brightburn,Brightburn,2019,6.1,movie,0,90,"Drama, Horror, Mystery"
tt7737786,132,117745,Greenland,Greenland,2020,6.4,movie,0,119,"Action, Thriller"
tt10618286,206,75768,Mank,Mank,2020,6.8,movie,0,131,"Biography, Comedy, Drama"
tt5294518,381,36701,Eli,Eli,2019,5.8,movie,0,98,"Drama, Horror, Mystery"
tt7060344,326,44941,Raatchasan,Ratsasan,2018,8.3,movie,0,170,"Crime, Drama, Mystery"
tt10554232,184,81058,Dara of Jasenovac,Dara iz Jasenovca,2020,8.2,movie,0,130,"Drama, War"
tt8954732,466,28541,The Princess Switch,The Princess Switch,2018,6,movie,0,101,"Comedy, Drama, Family"
tt9196192,444,30899,Cuties,Mignonnes,2020,3.5,movie,0,96,Drama
tt5001754,345,41217,Braven,Braven,2018,5.9,movie,0,94,"Action, Thriller"
tt6802308,402,34010,The 15:17 to Paris,The 15:17 to Paris,2018,5.3,movie,0,94,"Biography, Drama, Thriller"
tt6908274,265,56688,Mirage,Durante la tormenta,2018,7.4,movie,0,128,"Drama, Fantasy, Mystery"
tt4916630,223,68262,Just Mercy,Just Mercy,2019,7.6,movie,0,137,"Biography, Crime, Drama"
tt0859635,491,26893,Super Troopers 2,Super Troopers 2,2018,6,movie,0,99,"Comedy, Crime, Mystery"
tt5104604,81,169684,Isle of Dogs,Isle of Dogs,2018,7.8,movie,0,101,"Animation, Adventure, Comedy"
tt2395469,352,40118,Gully Boy,Gully Boy,2019,7.9,movie,0,154,"Drama, Music, Romance"
tt5758778,128,123372,Skyscraper,Skyscraper,2018,5.8,movie,0,102,"Action, Adventure, Thriller"
tt10530176,407,33593,The Call,Kol,2020,7.1,movie,0,112,"Crime, Horror, Mystery"
tt8206668,347,40660,Bad Education,Bad Education,2019,7.1,movie,0,108,"Biography, Comedy, Crime"
tt5198068,418,32719,Wolfwalkers,WolfWalkers,2020,8,movie,0,103,"Animation, Adventure, Family"
tt9340860,489,27078,Let Him Go,Let Him Go,2020,6.7,movie,0,113,"Crime, Drama, Thriller"
tt1298644,248,60412,The Hustle,The Hustle,2019,5.4,movie,0,93,"Comedy, Crime"
tt10003008,415,32775,The Rental,The Rental,2020,5.7,movie,0,88,"Drama, Horror, Mystery"
tt5052474,102,149049,Sicario: Day of the Soldado,Sicario: Day of the Soldado,2018,7,movie,0,122,"Action, Crime, Drama"
tt6141246,401,34019,The Aeronauts,The Aeronauts,2019,6.6,movie,0,100,"Action, Adventure, Drama"
tt6751668,4,794052,Parasite,Gisaengchung,2019,8.5,movie,0,132,"Drama, Thriller"
tt9243946,49,250153,El Camino: A Breaking Bad Movie,El Camino: A Breaking Bad Movie,2019,7.3,movie,0,122,"Action, Crime, Drama"
tt6850820,232,65617,Peppermint,Peppermint,2018,6.5,movie,0,101,"Action, Thriller"
tt6288124,477,27572,"Don't Worry, He Won't Get Far on Foot","Don't Worry, He Won't Get Far on Foot",2018,6.8,movie,0,114,"Biography, Comedy, Drama"
tt5814534,303,49873,Spies in Disguise,Spies in Disguise,2019,6.8,movie,0,102,"Animation, Action, Adventure"
tt0437086,42,268432,Alita: Battle Angel,Alita: Battle Angel,2019,7.3,movie,0,122,"Action, Adventure, Sci-Fi"
tt8613070,160,92026,Portrait of a Lady on Fire,Portrait de la jeune fille en feu,2019,8.1,movie,0,122,"Drama, Romance"
tt1206885,147,99305,Rambo: Last Blood,Rambo: Last Blood,2019,6.1,movie,0,89,"Action, Crime, Thriller"
tt6450804,73,178534,Terminator: Dark Fate,Terminator: Dark Fate,2019,6.2,movie,0,128,"Action, Adventure, Sci-Fi"
tt5697572,291,51724,Cats,Cats,2019,2.8,movie,0,110,"Comedy, Drama, Family"
tt1838556,298,50971,Honest Thief,Honest Thief,2020,6,movie,0,99,"Action, Thriller"
tt6472976,226,67871,Five Feet Apart,Five Feet Apart,2019,7.2,movie,0,116,"Drama, Romance"
tt4530422,146,100027,Overlord,Overlord,2018,6.6,movie,0,110,"Action, Horror, Sci-Fi"
tt9252468,484,27250,Mosul,Mosul,2019,7.1,movie,0,101,"Action, Drama, War"
tt5774060,179,83588,Underwater,Underwater,2020,5.8,movie,0,95,"Action, Horror, Sci-Fi"
tt9354842,357,39730,To All the Boys: P.S. I Still Love You,To All the Boys: P.S. I Still Love You,2020,6,movie,0,101,"Comedy, Drama, Romance"
tt8522006,353,40096,Happiest Season,Happiest Season,2020,6.6,movie,0,102,"Comedy, Drama, Romance"
tt1618434,120,129181,Murder Mystery,Murder Mystery,2019,6,movie,0,97,"Action, Comedy, Crime"
tt4126476,266,56281,After,After,2019,5.3,movie,0,105,"Drama, Romance"
tt2527338,19,450203,Star Wars: The Rise Of Skywalker,Star Wars: Episode IX - The Rise of Skywalker,2019,6.5,movie,0,141,"Action, Adventure, Fantasy"
tt1302006,24,387328,The Irishman,The Irishman,2019,7.8,movie,0,209,"Biography, Crime, Drama"
tt6139732,45,266184,Aladdin,Aladdin,2019,6.9,movie,0,128,"Adventure, Comedy, Family"
tt4244998,240,63086,Alpha,Alpha,2018,6.6,movie,0,96,"Action, Adventure, Drama"
tt6436726,459,29557,7500,7500,2019,6.3,movie,0,93,"Action, Drama, Thriller"
tt1365519,60,215316,Tomb Raider,Tomb Raider,2018,6.3,movie,0,119,"Action, Adventure, Fantasy"
tt7349662,46,264537,BlacKkKlansman,BlacKkKlansman,2018,7.5,movie,0,135,"Biography, Comedy, Crime"
tt7395114,111,135545,The Devil All the Time,The Devil All the Time,2020,7.1,movie,0,138,"Crime, Drama, Thriller"
tt4971344,233,65459,The Sisters Brothers,Les frères Sisters,2018,6.9,movie,0,122,"Drama, Western"
tt5033998,212,74226,"Charlie's Angels","Charlie's Angels",2019,4.9,movie,0,118,"Action, Adventure, Comedy"
tt4799066,430,32001,Midnight Sun,Midnight Sun,2018,6.6,movie,0,91,"Drama, Romance"
tt10161886,478,27519,The Prom,The Prom,2020,5.9,movie,0,130,"Comedy, Drama, Musical"
tt11161474,299,50360,Pieces of a Woman,Pieces of a Woman,2020,7,movie,0,126,Drama
tt7126948,43,267203,Wonder Woman 1984,Wonder Woman 1984,2020,5.4,movie,0,151,"Action, Adventure, Fantasy"
tt7638348,224,68240,Boss Level,Boss Level,2020,6.8,movie,0,100,"Action, Adventure, Comedy"
tt2066051,76,175864,Rocketman,Rocketman,2019,7.3,movie,0,121,"Biography, Drama, Musical"
tt6195094,408,33434,Incident in a Ghostland,Ghostland,2018,6.4,movie,0,91,"Drama, Horror, Mystery"
tt9426210,342,41703,Weathering with You,Tenki no ko,2019,7.5,movie,0,112,"Animation, Drama, Fantasy"
tt4701182,83,166183,Bumblebee,Bumblebee,2018,6.7,movie,0,114,"Action, Adventure, Sci-Fi"
tt8079248,95,153623,Yesterday,Yesterday,2019,6.8,movie,0,116,"Comedy, Fantasy, Music"
tt10189514,134,116718,Soorarai Pottru,Soorarai Pottru,2020,8.7,movie,0,153,Drama
tt1255919,377,36990,Holmes & Watson,Holmes & Watson,2018,3.9,movie,0,90,"Comedy, Crime, Mystery"
tt3606756,39,297378,Incredibles 2,Incredibles 2,2018,7.6,movie,0,118,"Animation, Action, Adventure"
tt4827558,382,36483,High Life,High Life,2018,5.8,movie,0,113,"Adventure, Drama, Horror"
tt5116302,305,49452,Togo,Togo,2019,7.9,movie,0,113,"Adventure, Biography, Drama"
tt2873282,69,187308,Red Sparrow,Red Sparrow,2018,6.6,movie,0,140,"Action, Drama, Thriller"
tt8075192,201,77190,Shoplifters,Manbiki kazoku,2018,7.9,movie,0,121,"Crime, Drama, Thriller"
tt8110330,116,131164,Dil Bechara,Dil Bechara,2020,8.1,movie,0,101,"Comedy, Drama, Romance"
tt0385887,257,58003,Motherless Brooklyn,Motherless Brooklyn,2019,6.8,movie,0,144,"Crime, Drama, Mystery"
tt1620680,324,45391,A Wrinkle in Time,A Wrinkle in Time,2018,4.2,movie,0,109,"Adventure, Family, Fantasy"
tt1478839,428,32191,The Art of Racing in the Rain,The Art of Racing in the Rain,2019,7.5,movie,0,109,"Comedy, Drama, Romance"
tt6857166,464,28602,Book Club,Book Club,2018,6.1,movie,0,104,"Comedy, Drama, Romance"
tt8623904,194,78651,Last Christmas,Last Christmas,2019,6.5,movie,0,103,"Comedy, Drama, Fantasy"
tt8368512,245,61798,The Courier,The Courier,2020,7.2,movie,0,112,"Drama, History, Thriller"
tt7125860,306,49323,If Beale Street Could Talk,If Beale Street Could Talk,2018,7.1,movie,0,119,"Drama, Romance"
tt2837574,320,46636,The Old Man & the Gun,The Old Man & the Gun,2018,6.7,movie,0,93,"Biography, Comedy, Crime"
tt4729430,100,149870,Klaus,Klaus,2019,8.1,movie,0,96,"Animation, Adventure, Comedy"
tt9052870,271,54902,Chhichhore,Chhichhore,2019,8.3,movie,0,143,"Comedy, Drama, Romance"
tt4154916,362,39016,Replicas,Replicas,2018,5.4,movie,0,107,"Drama, Sci-Fi, Thriller"
tt8688634,225,68040,21 Bridges,21 Bridges,2019,6.6,movie,0,99,"Action, Crime, Drama"
tt2854926,113,134882,Tag,Tag,2018,6.5,movie,0,100,"Action, Comedy"
tt8781414,383,36011,Freaks,Freaks,2018,6.7,movie,0,105,"Drama, Mystery, Sci-Fi"
tt8404614,126,124327,The Two Popes,The Two Popes,2019,7.6,movie,0,125,"Biography, Comedy, Drama"
tt3766354,90,161014,The Equalizer 2,The Equalizer 2,2018,6.7,movie,0,121,"Action, Crime, Thriller"
tt7547410,438,31373,Dora and the Lost City of Gold,Dora and the Lost City of Gold,2019,6.1,movie,0,102,"Action, Adventure, Comedy"
tt7139936,327,44873,A Rainy Day in New York,A Rainy Day in New York,2019,6.5,movie,0,92,"Comedy, Romance"
tt11655202,295,51099,Riders of Justice,Retfærdighedens ryttere,2020,7.5,movie,0,116,"Action, Comedy, Drama"
tt1285009,433,31772,The Strangers: Prey at Night,The Strangers: Prey at Night,2018,5.2,movie,0,85,Horror
tt8350360,202,76652,Annabelle Comes Home,Annabelle Comes Home,2019,5.9,movie,0,106,"Horror, Mystery, Thriller"
tt10620868,350,40271,#Alive,#Saraitda,2020,6.3,movie,0,98,"Action, Drama, Horror"
tt3317234,446,30873,"Game Over, Man!","Game Over, Man!",2018,5.4,movie,0,101,"Action, Comedy"
tt7961060,472,28212,Dragon Ball Super: Broly,Doragon bôru chô: Burorî,2018,7.7,movie,0,100,"Animation, Action, Adventure"
tt2235695,336,42603,Rebecca,Rebecca,2020,6,movie,0,123,"Drama, Mystery, Romance"
tt6723592,14,500946,Tenet,Tenet,2020,7.3,movie,0,150,"Action, Sci-Fi, Thriller"
tt7019842,435,31600,96,96,2018,8.5,movie,0,158,"Drama, Romance"
tt7043012,244,61931,Velvet Buzzsaw,Velvet Buzzsaw,2019,5.7,movie,0,113,"Horror, Mystery, Thriller"
tt1034415,192,79461,Suspiria,Suspiria,2018,6.7,movie,0,152,"Drama, Fantasy, Horror"
tt1825683,5,766528,Black Panther,Black Panther,2018,7.3,movie,0,134,"Action, Adventure, Sci-Fi"
tt4682266,188,80295,The New Mutants,The New Mutants,2020,5.3,movie,0,94,"Action, Horror, Mystery"
tt9484998,91,159677,Palm Springs,Palm Springs,2020,7.4,movie,0,90,"Comedy, Fantasy, Mystery"
tt5690360,391,34880,Slender Man,Slender Man,2018,3.2,movie,0,93,"Horror, Mystery, Thriller"
tt5363618,121,128278,Sound of Metal,Sound of Metal,2019,7.7,movie,0,120,"Drama, Music"
tt7286456,1,1270567,Joker,Joker,2019,8.4,movie,0,122,"Crime, Drama, Thriller"
tt6820256,287,52815,Arctic,Arctic,2018,6.8,movie,0,98,"Adventure, Drama"
tt8201170,358,39718,The Perfect Date,The Perfect Date,2019,5.8,movie,0,89,"Comedy, Romance"
tt3513548,171,88048,Richard Jewell,Richard Jewell,2019,7.5,movie,0,131,"Biography, Crime, Drama"
tt3794354,109,140123,Sonic the Hedgehog,Sonic the Hedgehog,2020,6.5,movie,0,99,"Action, Adventure, Comedy"
tt1502397,88,161350,Bad Boys for Life,Bad Boys for Life,2020,6.5,movie,0,124,"Action, Comedy, Crime"
tt4003440,200,77714,The House That Jack Built,The House That Jack Built,2018,6.8,movie,0,152,"Crime, Drama, Horror"
tt6182908,354,40015,Smallfoot,Smallfoot,2018,6.6,movie,0,96,"Animation, Adventure, Comedy"
tt7634968,471,28340,What Men Want,What Men Want,2019,5.3,movie,0,117,"Comedy, Fantasy, Romance"
tt4912910,31,333095,Mission: Impossible - Fallout,Mission: Impossible - Fallout,2018,7.7,movie,0,147,"Action, Adventure, Thriller"
tt8108274,419,32669,Tanhaji: The Unsung Warrior,Tanhaji: The Unsung Warrior,2020,7.5,movie,0,135,"Action, Biography, Drama"
tt5503686,145,100888,Hustlers,Hustlers,2019,6.3,movie,0,110,"Comedy, Crime, Drama"
